NOC 2006,Occupation,Skill Level,2013,2014,2015,2016,2017,2018,2019,2020,2021,2022,
0631,Restaurant and Food Service Managers,MGMT,3816.9260856748933,370.69860452753824,1312.5345993323062,994.97944898195215,2523.3492299313143,2117.4283509028669,1431.3231219881854,1572.3609311668199,1708.9655970746112,1921.1399771458596,
0632,Accommodation Service Managers,MGMT,410.83201949792124,1135.7118131748525,618.85030520874773,1262.7117077431797,813.88849885515049,396.009176993697,845.38121268749364,746.70531682754972,808.41275069237849,739.8851991928185,
0712,Residential Home Builders and Renovators,MGMT,1360.2469617230079,3786.2133629661748,3346.373974063622,2309.025845042509,2761.9320017876744,1466.3267473857768,2733.0485807359355,2406.5413758552804,2306.6792378189593,2363.2904674773172,
1111,Financial Auditors and Accountants,A,1912.5460793658767,4979.4874732947883,3357.0973728005224,4883.6476338695447,2090.6958665073994,2926.5881885645722,3568.4020568547021,3121.6106086576774,3217.0124483753889,2976.3002045560047,
1114,Other Financial Officers,A,1309.0734989519851,3963.4487716442673,2888.6033205722811,2015.6097615580929,3040.4830939472877,1035.3565286797716,2722.332303947479,2173.187630079773,2122.7080379993367,2220.2608434747372,
1121,Specialists in Human Resources,A,1935.8367727177745,1903.7025728296328,1154.2968533075748,1108.7367229720164,1722.6404891183722,1432.6855513364496,1373.8865588033248,1199.8140780859217,1276.8359038607821,1343.0075016505614,
1223,Personnel and Recruitment Officers,B,441.9186745373076,114.11004743543981,865.14108472088571,835.88306742393036,231.10117647312825,455.96259019775243,475.64163307954561,570.07677491344248,499.14968040730366,440.4434104646046,
1224,Property Administrators,B,772.30375498781245,1169.1551765988465,691.00573487519978,45.589923122352843,779.49900484788623,671.67144547139037,669.66077608438184,530.65689516583461,517.69285997374277,631.11116215323773,
1226,Conference and Event Planners,B,330.04295710234265,855.61014428497447,732.81882864619593,631.94424783409022,1018.5866516494049,144.02581083738585,676.93588700198393,606.81146268285534,599.57862949803632,606.40553505658954,
1228,"Immigration, Employment Insurance and Revenue Officers",B,284.9406372050347,573.90825347098803,676.92960514467097,198.24087123452568,502.01100444201131,427.93964858030569,473.70905047314585,428.38951052481764,390.89476468185768,441.79922362982938,
1422,Data Entry Clerks,C,1658.6865213845481,163.29822310672751,990.88106896571878,387.92118540245281,639.20828644863116,1259.1499170512157,728.32938532860578,812.97626800422688,795.11578121867853,892.62726745231851,
1423,Desktop Publishing Operators and Related Occupations,C,30.199074426554219,1.3416369449424295,116.36899869492261,122.51819584132502,123.95212423229715,13.91503103808131,89.302725772472712,104.95221515056869,97.606043205506168,83.610435174639136,
1431,Accounting and Related Clerks,C,5359.9708000730407,2405.6684244464659,2264.4050836820079,1870.3270855030466,2165.4434917828703,3466.6975308928054,2506.4940265190362,2374.1325292129982,2480.1927594234749,2672.1591008352698,
1432,Payroll Clerks,C,1299.778358398512,1071.4405867981532,1079.1704592553886,397.12202551382609,13.92496334348192,1034.4005656869592,744.32917085183647,635.86749313157895,563.03690416815516,614.14753807507122,
1434,"Banking, Insurance and Other Financial Clerks",C,345.87709172814186,1303.2244569852626,1062.8709883249248,780.87099017844821,316.86814864223913,728.49416645551241,997.88832740874182,756.86354734439396,716.54162760072506,722.02582852130104,
1435,Collectors,C,656.78877617105115,-7.2028561465202188,54.590360836133186,748.50243640523206,597.21225879934718,356.15117752825171,305.207477863674,347.3559052811687,510.60031376841152,435.51380560513167,
2122,Forestry Professionals,A,15.825743885969054,3.3306497770162089,34.31362529840348,58.611963803189987,57.322045593037231,3.2958687160423779,10.092466083055189,38.105354757397876,40.649878235102186,30.468633174999223,
2123,"Agricultural Representatives, Consultants and Specialists",A,12.954560598085756,3.4620876619726069,50.862113623898843,4.5949425542263285,48.930543184612063,-4.4078079055940194,29.548541255605915,33.463388496498922,16.544838586103527,29.99685418649009,
2131,Civil Engineers,A,312.13845697781824,486.33454208724709,1436.4490925847704,1757.9890997066241,600.13984399878757,128.45582383573458,879.97965889108684,915.50448804042776,842.07242620948159,689.8139287936084,
2132,Mechanical Engineers,A,1366.636104374812,937.36727799643575,906.03198742477389,347.92261120575188,158.63611551382803,910.00546519908619,649.12027634069932,551.32522350864383,505.53433896163733,569.3962671385716,
2133,Electrical and Electronics Engineers,A,1078.441236650827,-23.214527230666363,414.43376703068668,512.53680629875794,248.45928376690728,734.54686323481815,322.64172613325081,414.18143080042057,435.79600674086703,442.6691422899728,
2134,Chemical Engineers,A,261.58640863535754,222.20066084958958,258.34279487600998,0.4037552292761859,49.589075232548396,184.75322930791938,154.74284991177552,106.06776525419275,78.656440521581445,117.86741903952287,
2141,Industrial and Manufacturing Engineers,A,570.73414233555809,-7.5327412521797896,138.5169598021661,-2.5779188341614372,450.53877039854012,339.20455257201814,119.9813518671113,174.03580707108367,193.41753126246559,296.18638979198863,
2142,Metallurgical and Materials Engineers,A,18.064106458948615,14.472070748875367,15.250204527435976,-8.5775269609041693E-2,-0.63488624238508695,15.050133912414381,11.864050411115931,5.5610060321562926,2.3816185502770457,4.3332394912616179,
2152,Landscape Architects,A,60.482114978407814,1.8282384434773995,5.5717505333630051,1.9272600868943535,45.140071119914907,11.59064817782787,1.5395375647226004,21.456268614892608,25.662572278974189,31.87321998899623,
2153,Urban and Land Use Planners,A,86.516793444808854,280.15833859827535,167.25166431355603,27.990428539719915,336.69933386703622,15.590472454040139,192.92997489445062,166.91470827057586,173.89112880362961,213.95285293008087,
2154,Land Surveyors,A,189.66040425398586,6.1186576933299577,36.035590851928333,131.38950352440497,175.04900253266732,74.458294130748669,32.522153275731853,83.1974162188897,95.921778678140186,92.915679075709392,
2171,Information Systems Analysts and Consultants,A,564.9072015593274,4408.7066904014828,3763.8557077215055,2403.3775666728889,1490.3981870416696,941.36143017974609,2917.018615306074,2191.3786602694154,2002.9710594278445,1999.9392529187974,
2172,Database Analysts and Data Administrators,A,708.74003489486438,585.95486184938943,316.78913758082876,-163.56694307526527,-94.123812366624009,601.24624933653331,328.22656664776292,184.3425632737387,175.25737751485045,256.69600979727517,
2174,Computer Programmers and Interactive Media Developers,A,3885.6677788498878,1495.7337591167025,2058.0942919966087,1194.1562961134803,1551.5055213706776,1965.0482735986188,1655.1930006686964,1584.9673333388832,1601.0479444732812,1751.4125454020664,
2175,Web Designers and Developers,A,41.979230245276369,-132.68448968645126,606.11662444706849,314.97908003789928,438.05674157768078,227.25487562852138,289.11723089165383,358.48062186553261,328.54424407893634,344.01329635525565,
2211,Chemical Technologists and Technicians,B,521.57838939765679,66.91609850785926,68.374466902202016,407.79286895804671,135.56511138551042,281.49374478613322,178.35379157104586,191.9141705388277,231.6754464831609,205.67514136655561,
2221,Biological Technologists and Technicians,B,100.17548656458713,6.3599005838398242,2.8260815903221328,46.422001441775237,4.459132749038428,82.046158069427747,12.173073897032609,31.695955423541463,39.018286089044196,38.986688150452736,
2222,Agricultural and Fish Products Inspectors,B,30.087282442776257,103.7618730630891,110.59556175309051,10.029883278990738,67.379924415719998,28.182393950345734,91.227559902406085,64.604678138719194,42.963491593795659,59.458619852421762,
2223,Forestry Technologists and Technicians,B,65.948456139753759,40.461938818620169,32.083614641138482,4.6325072131314151,23.422278062582397,52.560386436300526,30.537330282828808,27.005027162089188,26.805267936586365,32.415408472950134,
2225,Landscape and Horticulture Technicians and Specialists,B,167.67004591987353,259.82881932660632,591.80822358877333,639.9905253947336,615.89089971508736,50.255507031653394,424.54854356394981,443.07187243195256,387.71146638007542,341.52242110077714,
2231,Civil Engineering Technologists and Technicians,B,610.10638570639958,523.71472905110795,178.81467106503109,0.25299074046694159,238.27658968323118,491.40494963185449,276.56459516879931,207.07698214311708,228.099385703027,284.44112116791706,
2232,Mechanical Engineering Technologists and Technicians,B,130.54416887263449,456.66032578895954,516.72621813904664,511.61123760062378,-23.696290186020065,127.92288345439897,346.79677220217093,293.38652624736199,261.11621558632248,194.40390966056012,
2233,Industrial Engineering and Manufacturing Technologists and Technicians,B,153.23088412290915,448.63992329797179,561.77229909350467,588.21694896936833,242.89763128448485,37.418821880164501,405.63532268764345,379.26861454627488,320.57871479123889,245.89623870060356,
2234,Construction Estimators,B,512.38705824512658,438.72236595516017,467.58481932474729,35.762635555373407,-1.1226436360777541,346.46189523306151,303.55266354553294,247.68430797375038,172.69467197350525,208.99818289569325,
2242,Electronic Service Technicians (Household and Business Equipment),B,2100.4194044261453,499.82904062961973,310.01261308305197,566.68556199266823,1482.2397837180615,1226.0856528605932,840.87136536605533,880.41919615586926,1034.7439861236417,1142.8508521941735,
2243,Industrial Instrument Technicians and Mechanics,B,120.05193173315186,103.01745918582304,102.53251292078585,69.697511067618137,8.5047003513464929,114.03557167146954,77.559396484293913,62.864693320692886,55.791574929368878,52.947125118163704,
2244,"Aircraft Instrument, Electrical and Avionics Mechanics, Technicians and Inspectors",B,52.522428871012217,13.591070853403622,160.60148434134106,177.85470305217234,113.75373860040798,-0.71995337796703041,91.689429035494825,126.1439613690096,123.16480008641619,94.953072556441782,
2251,Architectural Technologists and Technicians,B,46.428009036079175,7.6686481280511885,86.192789524398307,52.184703163205079,156.99414824908047,9.9784348821641373,76.081862940738006,85.14714793655655,90.306739475873499,100.78950553715688,
2253,Drafting Technologists and Technicians,B,188.64645241176882,43.94411854478119,459.80334622566102,373.13110623841158,591.85422865209273,225.18170214807657,303.33035535351337,366.97986386768264,367.78452376832462,375.87917228074934,
2254,Land Survey Technologists and Technicians,B,18.366869255498692,54.358740344921507,40.099379057748109,5.6749403614637721,64.622134170283431,5.1107447945773892,36.480546626695691,30.582406911393218,30.729989980918717,44.416294997873187,
2261,Non-Destructive Testers and Inspectors,B,50.630623292261255,18.641170292114673,64.294638372362044,140.13897119081403,144.37879305930528,2.1034043650632483,48.634898645132324,86.342817430194742,95.489095702073143,72.791211668021845,
2262,Engineering Inspectors and Regulatory Officers,B,226.55325760098467,25.568383940592383,75.386632485003531,81.201744880886721,184.721993942361,100.88925155745522,56.226667954223913,94.91117110149132,104.81978227358883,112.27625460565271,
2264,Construction Inspectors,B,161.30219765298037,339.27627885215554,364.9118610050391,197.11448070571919,378.76734286779055,150.95898110571443,275.32966475910212,246.64093593149056,235.53058128580585,249.41426138677383,
2271,"Air Pilots, Flight Engineers and Flying Instructors",B,337.55407781988708,94.54251643360378,40.84877600293396,41.334532266047432,276.05068845968208,237.46927436701196,114.77053649782604,109.70233623128803,150.96032175054623,204.0009437158152,
2272,Air Traffic Control and Related Occupations,B,124.16085734659916,99.296394579232185,114.44970173456181,16.813148740454466,22.775759000281624,109.28908584672541,74.23701273794461,65.305086956680356,45.799358442706477,64.21503882396712,
2274,"Engineer Officers, Water Transport",B,5.3264388579528026,2.0378913576440478,16.602150289164836,17.381374518268082,1.7777066837258992,7.1907044881891231,9.8935989763151966,13.654821840056776,11.157525830843124,6.138106769138898,
2281,Computer Network Technicians,B,297.88012675499806,25.979604824878948,995.78983647099881,1649.0748494562149,879.08106909382207,97.915340484299918,782.31273230598185,896.09017905414532,924.39791127750027,742.33171550113389,
2282,User Support Technicians,B,1764.5453486849224,-63.338280856563074,-106.90157584583898,858.08690818380887,6.1269150910046619,1656.0402769816021,450.35804088717367,518.94469884846012,694.06213301206071,689.77323785400279,
2283,Systems Testing Technicians,B,430.59170274292586,252.21561669120223,152.18636798040893,-8.8551506369924908,246.68829701136002,306.51169323141232,166.89818712519892,137.22621405822849,144.69625246502542,208.1374116219535,
3113,Dentists,A,203.57340138387877,822.26494306868699,866.75185653229551,894.1852278000199,503.31500436719284,-11.108855769944284,571.0092884078033,500.27066665088239,445.8878518462534,363.2339862928028,
3114,Veterinarians,A,73.068375999408374,211.09528666509092,170.71004925936023,167.12280564475736,54.7148274291456,122.20444926332821,138.39106992586409,118.68463331904846,115.1839580886093,108.26046201078969,
3121,Optometrists,A,82.79183261221074,71.658487813373355,36.844850729744508,3.9397735745157405,-0.60747744162888395,68.912192866141993,44.020274197837061,20.94743373449527,19.314077940236345,29.015847059401843,
3132,Dietitians and Nutritionists,A,85.650279714533667,321.26942431664196,346.86957047440018,357.60159554224356,93.864160663836216,-4.1722238366236866,251.10764219503807,228.79485236134568,181.91917040951367,128.80334283152845,
3141,Audiologists and Speech-Language Pathologists,A,248.36615811686562,167.93333827141043,234.20129483282403,249.68461761444345,-27.613913525234395,156.72815060091358,140.88746852428073,128.76648673588863,92.952490805656126,64.399867378414015,
3142,Physiotherapists,A,118.60906561682643,521.71282182793868,271.41999324407846,737.71902337059771,42.76281868915143,212.17027808878518,338.47819049447048,284.03252146366322,305.23079271961751,230.8201763096325,
3143,Occupational Therapists,A,75.120323506545176,126.94486750130505,289.3858317786981,419.64285567294075,316.48893269147567,-39.614354807231337,228.22388052430929,239.82146358488612,241.49617499964032,153.32918625381276,
3213,Veterinary and Animal Health Technologists and Technicians,B,95.984684540807436,53.809898466517069,426.67964667045669,164.20675411095198,404.22199953215323,0.50462351169213093,212.03998963639876,235.27533246469261,207.13457095276121,223.3766247766186,
3215,Medical Radiation Technologists,B,103.83656413441457,286.82015207642507,328.43396782901544,458.55756208240371,-28.762473677176246,192.5274455690209,255.03187098963116,237.51712884474767,231.75029924215636,176.35276890542085,
3221,Denturists,B,15.891883848082568,79.869998218951963,8.4811760301388652,85.89139597913578,86.911452529745176,-1.5032219809627527,80.607524235398259,52.552199316715011,63.393617676692109,38.769713686296853,
3222,Dental Hygienists and Dental Therapists,B,690.04615310861811,24.890409264696132,364.02354985945169,344.39193870444524,169.78115612124631,374.37058247569223,255.4723224692853,285.3221448763066,279.19500842796674,274.31734456985583,
3223,"Dental Technologists, Technicians and Laboratory Bench Workers",B,38.376381175735801,181.32804688501054,196.48044977212243,175.05389101857315,91.362019631048312,-3.4565979253092962,150.47445327217557,130.00321532984898,99.112266233622464,85.839507922702722,
3231,Opticians,B,57.736391750721552,236.60913049670557,235.9134452442583,217.23915444767792,-33.758801537751523,44.251821076383365,175.0515188665363,157.46843600936126,106.80607477003294,87.802169767739187,
3233,Licensed Practical Nurses,B,1669.0654956430074,889.12395828150375,612.36497283213248,793.49116902244782,505.10770415387242,953.31093246800492,725.32617906780035,648.67706399284907,695.29184749251954,699.48532939293705,
3411,Dental Assistants,C,721.48935752148066,557.62670153497902,291.95634415591672,31.276680417723213,158.13618204030988,623.53015632494896,296.91904865371936,222.26734813419205,222.33778057221622,342.23219024535138,
4151,Psychologists,A,179.0423382693798,545.40233047396032,218.90841196220177,460.46725504056428,244.02364439253466,177.72005714420311,407.39612563744413,274.06830299386968,298.5440165362603,271.85061991138684,
4152,Social Workers,A,629.52732945025787,1600.4837279398553,845.69399642307519,1551.5159656969849,1479.1595794227687,510.57967526990274,1162.2004016885203,1015.6228777097385,1096.1239506607064,1025.7566734947275,
4153,"Family, Marriage and Other Related Counsellors",A,930.30039502155523,225.10054105392834,339.37103631449946,50.407042429466401,451.46251645232621,713.22144624421571,335.05473373471409,338.12422654096719,355.80315479716586,429.72483346343881,
4155,Probation and Parole Officers and Related Occupations,A,165.22273845263254,15.564863293520759,39.119992207250398,109.39368555982097,45.798603500529751,107.58880252506643,59.793295598449532,65.556445199543617,74.253849556298917,68.635963144012663,
4212,Community and Social Service Workers,B,3407.3086961949211,1414.282820972373,-12.426378568866198,1506.2355369410013,1706.7157709115131,1523.1410854705887,1182.2598538689438,1054.5091092312869,1351.6643085654275,1362.3425425601249,
4214,Early Childhood Educators and Assistants,B,5151.7348204505879,3545.9192822109449,1765.7131630280805,1679.2843083128748,1783.6864359536546,2871.4555964729652,2273.3222325863471,1871.6884867133144,2013.6453897181709,2156.1952889431559,
4215,Instructors and Teachers of Persons with Disabilities,B,182.97825741943916,2.1486421153918585,172.14158756480344,4.0234477357750151,163.97380142789456,80.140711119403306,61.212539587923715,99.96974335875241,68.670942641525983,94.999957471478567,
4216,Other Instructors,B,422.84531601646455,4.4377172407810406,9.5574988344440612,49.18840122776453,257.23049888126263,346.10251359689425,32.216956453425652,97.214846112994039,167.286495492293,197.63701073057058,
5111,Librarians,A,403.35137535581833,244.46820281368645,417.63493615359573,170.29012402567909,73.514617813633009,400.58143113156655,252.26294208161377,243.51638746277965,213.4452025291364,220.22085589091989,
5113,Archivists,A,9.6282772415462059,8.8272135416748245,1.8157779389451054,9.2708560730203864,1.7565938417649276,9.4554009427107815,7.308470302939404,4.2722136337972785,5.7254744715590302,2.6151872148160704,
5121,Authors and Writers,A,1067.0206798551262,121.6835337416847,41.117454363842114,150.85243783491183,932.71571322648583,511.98243150601797,319.36964800020803,340.7863811549812,429.86189758503161,504.51132845737402,
5122,Editors,A,798.35508182808394,677.82072418546579,424.90957917813409,448.32972023416085,-18.256347819283576,523.54664301096591,420.49341856372769,321.64753861802239,320.64956330697402,307.33454851933573,
5123,Journalists,A,118.22348158717688,226.70912613768192,328.23270754971236,291.31720142170457,425.56138402068808,-45.391158804607187,235.35040678534574,226.95309816249602,217.3792158214616,209.5491860519291,
5125,"Translators, Terminologists and Interpreters",A,140.18300369761727,141.60140951057184,421.6369072769167,158.16730393711171,392.37513179274077,129.17162166540373,235.40760506974797,243.87411077446129,219.91983074408788,241.63167930393561,
5131,"Producers, Directors, Choreographers and Related Occupations",A,351.16636042126208,435.48158579752493,844.77936243984209,1166.9377436437157,322.7325570481413,286.62844492816851,591.22836477245255,604.21697381867853,577.22021224758805,471.16077106554678,
5212,Technical Occupations Related to Museums and Art Galleries,B,182.90228009919116,24.142119046328759,24.189907776001981,149.79874725705633,87.309534332191802,100.6341161549975,42.983321696507247,72.519009645502862,101.86945870337544,78.814985295324476,
5223,Graphic Arts Technicians,B,19.235754470596234,-2.2923001420884122,17.711098322669692,12.488222319099402,-2.7941287606542229,17.34826588927708,-0.22080100196220442,8.0144736312467355,6.651119098280823,5.8755100280380361,
6231,Insurance Agents and Brokers,B,1459.478541627602,902.33309874542829,249.50992736175522,760.63676066203072,1495.8836736072344,920.20078082661303,839.02201490403809,777.43165545743909,948.61456327124233,1014.6251584344307,
6232,Real Estate Agents and Salespersons,B,836.27158508597472,2795.4281123089895,1939.6723192078266,2644.1002576217916,2496.0935629907472,395.7479000317644,2031.8663994669041,1777.4854226389373,1853.8306748373489,1738.0668132573994,
6411,Sales Representatives - Wholesale Trade (Non-Technical),C,6638.8230267590261,3717.139296954681,1898.7322325862233,1362.6576899642887,5418.3844227205427,3659.0540829477104,3187.838834806144,2908.1341868753098,3306.7810878665523,3867.2050394632656,
6611,Cashiers,D,8624.1368411672574,2528.0518037270458,2713.6164078533375,1791.7237787670533,3579.4286846819177,3534.9181817334738,2633.4526192269368,2415.2314693028325,2614.3650582074324,2957.5978428086778,
6622,Grocery Clerks and Store Shelf Stockers,D,789.97254936671129,834.23665694051601,4161.4383208097242,3287.5535992217337,1445.3222933169986,1162.9357391390638,2104.5228692341339,2245.4232712683433,1985.4071647192682,1809.3280776862098,
7231,Machinists and Machining and Tooling Inspectors,B,231.84800172973291,201.31219354601001,741.43678918374064,514.67093427953932,767.97280901693864,360.10367376127238,520.03118698119101,566.25410332296019,553.54612230177031,585.79916215457388,
7232,Tool and Die Makers,B,636.3088122766444,1.9628055407791294,614.97505869939221,448.20386785658854,301.4010273057271,392.38176703636611,352.92113596628542,412.2747910723437,386.65216864626149,390.82461938823752,
7241,Electricians (Except Industrial and Power System),B,2362.1621900560053,1216.8343767655658,997.53659127304093,1067.3330536703452,592.61274528084402,1517.0396193931192,1003.6934127835248,904.32209985810312,940.6420316131896,956.0936571625831,
7242,Industrial Electricians,B,183.53138841888278,64.975276430944916,690.34791215424707,397.50512766548053,340.98523828097063,291.0864932147428,327.24218275685922,400.64501393139074,325.36497144300517,324.68003670089649,
7244,Electrical Power Line and Cable Workers,B,331.16732427696343,169.2136960680217,306.69176308283301,29.09745367586882,43.881648760114018,287.3623156406843,147.22699625973087,134.35286638653366,105.32569481798092,138.7203037671768,
7246,Telecommunications Installation and Repair Workers,B,246.70076581511825,787.49001447869443,677.29329971335608,845.9456135719056,558.39914907574291,56.601955586900772,622.30575577965737,471.51045938682688,448.91065005332786,380.85623560657103,
7251,Plumbers,B,1011.3147147340021,713.66779381950266,334.30470347185576,352.39260548568575,197.54322477637109,552.34303393238383,424.25899594518035,335.25594381210686,359.24204196027807,374.78545768569319,
7252,"Steamfitters, Pipefitters and Sprinkler System Installers",B,68.994460856318227,81.430111173996323,71.696163279662372,391.35284988311423,241.58572935285753,63.818302697272173,165.89043714041691,171.54412157626365,203.04570846871053,169.72695905038594,
7253,Gas Fitters,B,32.259532011924016,183.85781428281535,-40.545542324481701,151.39175761999326,197.09038949318267,-21.457882809346856,111.58794309531226,71.215303435703731,100.04767489831625,92.333159392206994,
7271,Carpenters,B,2899.1802161308951,1148.8152894988573,1327.7858344223528,183.1536601671678,1739.2446825385582,1571.9248600950637,1152.4651671363592,1074.9597896414616,1084.8671770987798,1336.3874754922003,
7272,Cabinetmakers,B,303.66274754012812,3.7922126964840146,8.9372272235178514,95.397464725946449,178.15313003196454,297.34149173830986,35.216992057766916,76.200803026199324,131.45281740872551,145.26602181024413,
7281,Bricklayers,B,552.33377058542089,-34.511908560685669,-16.947294577671869,347.25375528909399,450.86474634577314,219.01932508602562,87.492736148863855,150.41043771393026,270.79987201879612,263.83765463288324,
7284,"Plasterers, Drywall Installers and Finishers and Lathers",B,126.58223040658879,131.09588076542681,457.21865161692006,816.35671113137789,322.00319122060949,124.8002177614311,365.2422436614105,393.08124284647312,404.56657799190094,331.9054474684238,
7291,Roofers and Shinglers,B,18.444924526252379,190.20789625116885,460.350229540795,99.545648907922612,325.82328883400669,203.6355557400594,255.84873675883642,256.07824919740511,226.86530587432665,264.11913919076198,
7294,Painters and Decorators,B,760.289988981242,701.44626983943238,728.63710089260985,700.14859394163477,12.871479443312637,564.99992649229648,544.83202731512824,485.14949249135537,460.40676134072885,430.24165882007048,
7312,Heavy-Duty Equipment Mechanics,B,926.31726319166103,545.07324304721055,275.62131673855521,365.82316868929939,396.89824987444234,558.61595484243821,433.48183019521827,379.391677770738,420.03000687070875,445.5459133145431,
7313,Refrigeration and Air Conditioning Mechanics,B,477.8091416202401,512.66909605809724,830.52672246511065,611.50270739210225,-36.957519758974968,476.5989883966148,488.08572956039018,453.60610210312007,391.57830478337672,359.10198634130097,
7315,Aircraft Mechanics and Aircraft Inspectors,B,307.77167517992768,8.4346047116152931,16.152426238911602,280.86541469806565,78.530659928100093,231.92086152981955,89.492950536210571,119.31942045061223,158.97979932001181,137.91184519133833,
7321,"Automotive Service Technicians, Truck and Bus Mechanics and Mechanical Repairers",B,3302.5144699975399,743.62247675772039,340.79267608536748,1905.3827677578306,1329.1819931561513,1620.6532600544353,1189.7948603700818,1207.4955529382319,1460.9658652388832,1428.6974918045162,
7322,Motor Vehicle Body Repairers,B,627.50975221402928,185.60588594183866,-68.800435700237585,99.988486194019146,252.7462751669492,493.81103251071579,191.30774300570431,178.33506344242619,243.80522104844448,285.33643535174019,
7331,Oil and Solid Fuel Heating Mechanics,B,41.045845099679553,52.863692987361148,2.6288143380667748,163.67480962630577,162.25274362349316,0.9507205728864534,72.920432244304735,70.890679964942876,109.16539408915878,92.673378063215537,
7332,Electric Appliance Servicers and Repairers,B,59.30330193602515,258.2512313622131,26.93992578303822,170.68329042955577,242.66999036301945,8.3421950545213122,157.33918028736937,127.21894288419847,154.56173334424625,154.64749374626871,
7371,Crane Operators,B,342.75590582626273,6.935774392411588,15.622598694976759,303.95769835395367,138.61547507578024,254.81316346086956,103.59341268415523,141.04622613316801,207.17181793944246,177.39150212401174,
7381,Printing Press Operators,B,902.77452275505357,72.074075595835268,565.56556481301971,27.591935498223052,459.83953214592293,791.41927208687514,404.72020321598302,464.69412989675357,449.79548841617634,556.22622555322414,
7441,Residential and Commercial Installers and Servicers,C,388.86087071642146,-68.417492664635631,292.06375244524412,1028.3016865676143,366.64341397557632,334.65389800582068,353.07334420843932,500.95476344753075,572.08853014944953,433.60063807205006,
7442,Waterworks and Gas Maintenance Workers,C,15.899725576325586,7.5068584404821266,71.503878144811154,57.976121475545625,63.790660293161757,11.004152588065494,41.695279118565594,46.234941107226689,43.19693158644413,42.075090614173497,
7444,Pest Controllers and Fumigators,C,58.044327921837954,-3.2308208055094028,-2.0202338091701666,47.635489126720863,47.140312611323878,28.597538067742022,-5.5263738924157337,5.4102291613925733,37.505708794397407,29.553587286966724,
7445,Other Repairers and Servicers,C,168.50208169773742,25.561959032326797,58.195947607442463,-5.7693223061085561,-12.310643915206782,135.67017528672451,41.450824066514357,40.889162444928886,40.970205323708207,63.97636000026089,
7611,Construction Trades Helpers and Labourers,D,324.39693822867218,690.49249619155239,2208.9825166204892,2081.911512512082,1279.8357005593755,175.10410466063036,1243.3800297626226,1270.62558325288,1155.6152006458778,1021.9310932314149,
7621,Public Works and Maintenance Labourers,D,355.28266053427092,117.99628050021931,194.00355452756688,24.083076297957291,101.78262841500586,319.7999287611143,147.14592809074091,146.98403338285141,140.53710788527684,189.93547163357186,
8211,"Supervisors, Logging and Forestry",B,62.999042266767589,65.691489462940041,64.252511404684697,14.449032814470577,96.24448312365692,59.49072598184533,60.640023704131472,57.077483811875766,55.492476100597067,71.455409594547035,
8221,"Supervisors, Mining and Quarrying",B,154.19266649735181,12.601328988739709,3.4660921502352338,131.61569573736296,-0.65849292597965103,93.123581837966938,54.82777407521592,60.955618122476153,81.458672307239127,60.036682141530875,
8411,Underground Mine Service and Support Workers,C,49.763690544971126,-6.9413001857327687,-5.6880732169983332,30.121803678264243,39.244948475036978,17.903438918109163,4.0454407350325088,7.838260527751034,21.128379522295795,20.252344955181101,
8422,Silviculture and Forestry Workers,C,40.596001984469503,9.7444643339338448,4.3639605098694396,34.707832000137728,8.4071964046713283,23.829317619799365,18.386945299909222,19.423844679651641,22.570031047566864,17.644007746513807,
8431,General Farm Workers,C,279.0661665314023,804.16470061460495,444.35292403166926,1099.075432492612,228.96960381916324,523.94990540545768,615.27757524789149,537.23766185423779,593.7187743338194,518.47931204749716,
8432,Nursery and Greenhouse Workers,C,502.97754957229591,478.66897433851216,374.84718776166176,166.87491288527841,-51.203640854177763,383.27104111040626,253.59090171446164,190.75795823989901,164.37578576993724,174.67822142768739,
8612,Landscaping and Grounds Maintenance Labourers,D,808.50142267007379,1453.1730469754668,957.12943408847639,892.8877901611454,215.63798786432613,795.36898478730268,828.04743950479519,647.5635020763732,636.22193442527464,618.26215121114853,
8613,Aquaculture and Marine Harvest Labourers,D,7.0626489986005474,-0.47002746616177338,-0.36255918978350166,5.664951727483424,5.6060726263764815,5.9956415940896077,-0.78992970309966148,-0.67251623526552939,6.3080648265490655,5.2894834281516943,
9211,"Supervisors, Mineral and Metal Processing",B,166.14421541906322,424.3522654955882,362.77245143991377,401.89892521031879,107.23757929501338,288.15440321129563,337.66507946621107,288.79006345815026,280.5092904006201,257.51281627433355,
9213,"Supervisors, Food, Beverage and Tobacco Processing",B,543.56179657719133,485.59146595073116,296.95113270246151,241.09047970737083,128.39201163819754,493.47142809075041,333.31581268844889,284.74806128729239,290.5127889821469,303.6293934753474,
9411,"Machine Operators, Mineral and Metal Processing",C,79.375722975436958,218.57726828706183,312.52327970954241,82.290707485579389,48.271369753427223,153.11950393973393,222.99544672923372,213.96627003607801,136.09288458313236,153.65530745232854,
9414,"Concrete, Clay and Stone Forming Operators",C,165.66942817233644,12.116007880720026,17.915546630384711,126.29133739315587,131.86183115114324,102.95251228431144,53.609916382823371,68.95544631162133,94.218089383127889,90.400786040088576,
9415,"Inspectors and Testers, Mineral and Metal Processing",C,30.356644013221612,-2.0942683024602502,51.787234846439347,15.220350040333116,109.71698969055252,2.689181288056858,47.250989749446319,53.257273217094919,55.583043899307015,83.313226255592284,
9421,Chemical Plant Machine Operators,C,457.50458925529608,402.0694982599469,21.198398076797446,287.29268498787644,52.981111128274335,441.44730831801917,276.13619209254909,197.88108013049143,239.66007858973921,228.75337980984904,
9422,Plastics Processing Machine Operators,C,777.71398189770196,-19.505510395792584,230.11770178383239,352.11219697355801,387.50711477154073,604.25627622438321,334.06927225035741,381.63552497638824,420.76289795487173,434.90557420920794,
9423,Rubber Processing Machine Operators and Related Workers,C,150.18972825950146,10.534213173169611,52.336885481692633,41.880550262910539,40.663303820413297,138.32455945684092,49.022819932834764,70.016342054462427,75.289103946233112,82.408800025724858,
9465,"Testers and Graders, Food and Beverage Processing",C,83.688917777061093,300.98468560009064,320.90960900885892,255.62503477210799,-3.667405149858709,89.186560398800935,245.49277553875677,213.3108907750059,158.97777703108048,146.25553147019755,
9471,Printing Machine Operators,C,228.47270849705228,48.743952553085776,139.19793450453,49.096031874704181,209.87762158134052,196.19628713472585,98.569581720693293,123.56003874825954,124.31966171286209,170.38794890543187,
9472,"Camera, Platemaking and Other Prepress Occupations",C,43.71722229465864,16.658521709265322,138.78313092791078,120.18880853475794,109.66981666850391,43.671525488226806,90.926442564689268,101.12813748435664,96.216979337369892,91.234248742711344,
9473,Binding and Finishing Machine Operators,C,191.25573360645768,20.506652111050087,40.838209735656861,114.68993824001043,91.216573444384522,182.42937013901602,66.035949179864204,68.675651305007392,120.65925159142367,122.71258172873965,
9474,Photographic and Film Processors,C,99.542595500766154,21.154460320301396,55.688013423262404,22.846992966349021,62.498548161511216,96.640884048035289,20.705230355057999,55.835502837610164,58.138479271633202,65.705378204397917,
9611,Labourers in Mineral and Metal Processing,D,59.5848269902353,166.14062326269564,271.68810832175274,282.6341052893689,-1.4470173356724558,-5.685239604750123,213.85650059205472,217.69689661251803,161.68002789593419,101.2492837839448,
9612,Labourers in Metal Fabrication,D,170.69687455287414,489.90008574364276,862.88843080174365,864.34507671479128,473.15984506981266,-62.444090841591105,549.1871325361401,534.9778205161889,491.98031201571752,426.49013312188498,
9617,"Labourers in Food, Beverage and Tobacco Processing",D,309.19803502873134,602.19388069756769,1289.2696061431013,902.85849830798918,1071.4978786183365,195.18511357965008,846.84558638649287,852.42612612539699,806.09256130662175,808.00768084110928,
9619,"Other Labourers in Processing, Manufacturing and Utilities",D,2028.6940749504279,-4.1654156702074943,1511.8873505538972,1600.4186447173367,567.02752127588417,919.4191243381805,708.61751615102435,1052.4180978153613,1010.5699146992451,913.32908456207201,
,TOTAL (147 Occupations),,101658.42118017573,75223.095518795439,78377.455680895437,76319.691095644477,71145.71899863155,68156.366098726721,73084.376956720895,68676.421663489047,70274.428812892686,71359.922825544956,
,,,,,,,,,,,,,
,,,,,,,,,,,,,
,,,,,,,,,,,,,
,,,,,,,,,,,,,
,,,,,,,,,,,,,
,,,,,,,,,,,,,
,,,,,,,,,,,,,
,,,,,,,,,,,,,
,,,,,,,,,,,,,
,,,,,,,,,,,,,
,,,,,,,,,,,,,
,,,,,,,,,,,,,,,
,,,,,,,,,,,,,,,
,,,,,,,,,,,,,,,
,,,,,,,,,,,,,,,
,,,,,,,,,,,,,,,
,,,,,,,,,,,,,,,
,,,,,,,,,,,,,,,
,,,,,,,,,,,,,,,
,,,,,,,,,,,,,,,
,,,,,,,,,,,,,,,
,,,,,,,,,,,,,,,
,,,,,,,,,,,,,,,
,,,,,,,,,,,,,,,
,,,,,,,,,,,,,,,
,,,,,,,,,,,,,,,
,,,,,,,,,,,,,,,
,,,,,,,,,,,,,,,
,,,,,,,,,,,,,,,
,,,,,,,,,,,,,,,
,,,,,,,,,,,,,,,
,,,,,,,,,,,,,,,
,,,,,,,,,,,,,,,
,,,,,,,,,,,,,,,
,,,,,,,,,,,,,,,
,,,,,,,,,,,,,,,
,,,,,,,,,,,,,,,
,,,,,,,,,,,,,,,
,,,,,,,,,,,,,,,
,,,,,,,,,,,,,,,
,,,,,,,,,,,,,,,
,,,,,,,,,,,,,,,
,,,,,,,,,,,,,,,
,,,,,,,,,,,,,,,
,,,,,,,,,,,,,,,
,,,,,,,,,,,,,,,
,,,,,,,,,,,,,,,
,,,,,,,,,,,,,,,
,,,,,,,,,,,,,,,
,,,,,,,,,,,,,,,
,,,,,,,,,,,,,,,
,,,,,,,,,,,,,,,
,,,,,,,,,,,,,,,
,,,,,,,,,,,,,,,
,,,,,,,,,,,,,,,
,,,,,,,,,,,,,,,
,,,,,,,,,,,,,,,
,,,,,,,,,,,,,,,
,,,,,,,,,,,,,,,
,,,,,,,,,,,,,,,
,,,,,,,,,,,,,,,
,,,,,,,,,,,,,,,
,,,,,,,,,,,,,,,
,,,,,,,,,,,,,,,
,,,,,,,,,,,,,,,
,,,,,,,,,,,,,,,
,,,,,,,,,,,,,,,
,,,,,,,,,,,,,,,
,,,,,,,,,,,,,,,
,,,,,,,,,,,,,,,
,,,,,,,,,,,,,,,
,,,,,,,,,,,,,,,
,,,,,,,,,,,,,,,
,,,,,,,,,,,,,,,
,,,,,,,,,,,,,,,
,,,,,,,,,,,,,,,
,,,,,,,,,,,,,,,
,,,,,,,,,,,,,,,
,,,,,,,,,,,,,,,
,,,,,,,,,,,,,,,
,,,,,,,,,,,,,,,
,,,,,,,,,,,,,,,
,,,,,,,,,,,,,,,
,,,,,,,,,,,,,,,
,,,,,,,,,,,,,,,
,,,,,,,,,,,,,,,
,,,,,,,,,,,,,,,
,,,,,,,,,,,,,,,
,,,,,,,,,,,,,,,
,,,,,,,,,,,,,,,
,,,,,,,,,,,,,,,
,,,,,,,,,,,,,,,
,,,,,,,,,,,,,,,
,,,,,,,,,,,,,,,
,,,,,,,,,,,,,,,
,,,,,,,,,,,,,,,
,,,,,,,,,,,,,,,
,,,,,,,,,,,,,,,
,,,,,,,,,,,,,,,
,,,,,,,,,,,,,,,
,,,,,,,,,,,,,,,
,,,,,,,,,,,,,,,
,,,,,,,,,,,,,,,
,,,,,,,,,,,,,,,
,,,,,,,,,,,,,,,
,,,,,,,,,,,,,,,
,,,,,,,,,,,,,,,
,,,,,,,,,,,,,,,
,,,,,,,,,,,,,,,
,,,,,,,,,,,,,,,
,,,,,,,,,,,,,,,
,,,,,,,,,,,,,,,
,,,,,,,,,,,,,,,
,,,,,,,,,,,,,,,
,,,,,,,,,,,,,,,
,,,,,,,,,,,,,,,
,,,,,,,,,,,,,,,
,,,,,,,,,,,,,,,
,,,,,,,,,,,,,,,
,,,,,,,,,,,,,,,
,,,,,,,,,,,,,,,
,,,,,,,,,,,,,,,
,,,,,,,,,,,,,,,
,,,,,,,,,,,,,,,
,,,,,,,,,,,,,,,
,,,,,,,,,,,,,,,
,,,,,,,,,,,,,,,
,,,,,,,,,,,,,,,
,,,,,,,,,,,,,,,
,,,,,,,,,,,,,,,
,,,,,,,,,,,,,,,
,,,,,,,,,,,,,,,
,,,,,,,,,,,,,,,
,,,,,,,,,,,,,,,
,,,,,,,,,,,,,,,
,,,,,,,,,,,,,,,
,,,,,,,,,,,,,,,
,,,,,,,,,,,,,,,
,,,,,,,,,,,,,,,
,,,,,,,,,,,,,,,
,,,,,,,,,,,,,,,
,,,,,,,,,,,,,,,
,,,,,,,,,,,,,,,
,,,,,,,,,,,,,,,
,,,,,,,,,,,,,,,
,,,,,,,,,,,,,,,
,,,,,,,,,,,,,,,
,,,,,,,,,,,,,,,
,,,,,,,,,,,,,,,
,,,,,,,,,,,,,,,
,,,,,,,,,,,,,,,
,,,,,,,,,,,,,,,
,,,,,,,,,,,,,,,
,,,,,,,,,,,,,,,
,,,,,,,,,,,,,,,
,,,,,,,,,,,,,,,
,,,,,,,,,,,,,,,
,,,,,,,,,,,,,,,
,,,,,,,,,,,,,,,
,,,,,,,,,,,,,,,
,,,,,,,,,,,,,,,
,,,,,,,,,,,,,,,
,,,,,,,,,,,,,,,
,,,,,,,,,,,,,,,
,,,,,,,,,,,,,,,
,,,,,,,,,,,,,,,
,,,,,,,,,,,,,,,
,,,,,,,,,,,,,,,
,,,,,,,,,,,,,,,
,,,,,,,,,,,,,,,
,,,,,,,,,,,,,,,
,,,,,,,,,,,,,,,
,,,,,,,,,,,,,,,
,,,,,,,,,,,,,,,
,,,,,,,,,,,,,,,
,,,,,,,,,,,,,,,
,,,,,,,,,,,,,,,
,,,,,,,,,,,,,,,
,,,,,,,,,,,,,,,
,,,,,,,,,,,,,,,
,,,,,,,,,,,,,,,
,,,,,,,,,,,,,,,
,,,,,,,,,,,,,,,
,,,,,,,,,,,,,,,
,,,,,,,,,,,,,,,
,,,,,,,,,,,,,,,
,,,,,,,,,,,,,,,
,,,,,,,,,,,,,,,
,,,,,,,,,,,,,,,
,,,,,,,,,,,,,,,
,,,,,,,,,,,,,,,
,,,,,,,,,,,,,,,
,,,,,,,,,,,,,,,
,,,,,,,,,,,,,,,
,,,,,,,,,,,,,,,
,,,,,,,,,,,,,,,
,,,,,,,,,,,,,,,
,,,,,,,,,,,,,,,
,,,,,,,,,,,,,,,
,,,,,,,,,,,,,,,
,,,,,,,,,,,,,,,
,,,,,,,,,,,,,,,
,,,,,,,,,,,,,,,
,,,,,,,,,,,,,,,
,,,,,,,,,,,,,,,
,,,,,,,,,,,,,,,
,,,,,,,,,,,,,,,
,,,,,,,,,,,,,,,
,,,,,,,,,,,,,,,
,,,,,,,,,,,,,,,
,,,,,,,,,,,,,,,
,,,,,,,,,,,,,,,
,,,,,,,,,,,,,,,
,,,,,,,,,,,,,,,
,,,,,,,,,,,,,,,
,,,,,,,,,,,,,,,
,,,,,,,,,,,,,,,
,,,,,,,,,,,,,,,
,,,,,,,,,,,,,,,
,,,,,,,,,,,,,,,
,,,,,,,,,,,,,,,
,,,,,,,,,,,,,,,
,,,,,,,,,,,,,,,
,,,,,,,,,,,,,,,
,,,,,,,,,,,,,,,
,,,,,,,,,,,,,,,
,,,,,,,,,,,,,,,
,,,,,,,,,,,,,,,
,,,,,,,,,,,,,,,
,,,,,,,,,,,,,,,
,,,,,,,,,,,,,,,
,,,,,,,,,,,,,,,
,,,,,,,,,,,,,,,
,,,,,,,,,,,,,,,
,,,,,,,,,,,,,,,
,,,,,,,,,,,,,,,
,,,,,,,,,,,,,,,
,,,,,,,,,,,,,,,
,,,,,,,,,,,,,,,
,,,,,,,,,,,,,,,
,,,,,,,,,,,,,,,
,,,,,,,,,,,,,,,
,,,,,,,,,,,,,,,
,,,,,,,,,,,,,,,
,,,,,,,,,,,,,,,
,,,,,,,,,,,,,,,
,,,,,,,,,,,,,,,
,,,,,,,,,,,,,,,
,,,,,,,,,,,,,,,
,,,,,,,,,,,,,,,
,,,,,,,,,,,,,,,
,,,,,,,,,,,,,,,
,,,,,,,,,,,,,,,
,,,,,,,,,,,,,,,
,,,,,,,,,,,,,,,
,,,,,,,,,,,,,,,
,,,,,,,,,,,,,,,
,,,,,,,,,,,,,,,
,,,,,,,,,,,,,,,
,,,,,,,,,,,,,,,
,,,,,,,,,,,,,,,
,,,,,,,,,,,,,,,
,,,,,,,,,,,,,,,
,,,,,,,,,,,,,,,
,,,,,,,,,,,,,,,
,,,,,,,,,,,,,,,
,,,,,,,,,,,,,,,
,,,,,,,,,,,,,,,
,,,,,,,,,,,,,,,
,,,,,,,,,,,,,,,
,,,,,,,,,,,,,,,
,,,,,,,,,,,,,,,
,,,,,,,,,,,,,,,
,,,,,,,,,,,,,,,
,,,,,,,,,,,,,,,
,,,,,,,,,,,,,,,
,,,,,,,,,,,,,,,
,,,,,,,,,,,,,,,
,,,,,,,,,,,,,,,
,,,,,,,,,,,,,,,
,,,,,,,,,,,,,,,
,,,,,,,,,,,,,,,
,,,,,,,,,,,,,,,
,,,,,,,,,,,,,,,
,,,,,,,,,,,,,,,
,,,,,,,,,,,,,,,
,,,,,,,,,,,,,,,
,,,,,,,,,,,,,,,
,,,,,,,,,,,,,,,
,,,,,,,,,,,,,,,
,,,,,,,,,,,,,,,
,,,,,,,,,,,,,,,
,,,,,,,,,,,,,,,
,,,,,,,,,,,,,,,
,,,,,,,,,,,,,,,
,,,,,,,,,,,,,,,
,,,,,,,,,,,,,,,
,,,,,,,,,,,,,,,
,,,,,,,,,,,,,,,
,,,,,,,,,,,,,,,
,,,,,,,,,,,,,,,
,,,,,,,,,,,,,,,
,,,,,,,,,,,,,,,
,,,,,,,,,,,,,,,
,,,,,,,,,,,,,,,
,,,,,,,,,,,,,,,
,,,,,,,,,,,,,,,
,,,,,,,,,,,,,,,
,,,,,,,,,,,,,,,
,,,,,,,,,,,,,,,
,,,,,,,,,,,,,,,
,,,,,,,,,,,,,,,
,,,,,,,,,,,,,,,
,,,,,,,,,,,,,,,
,,,,,,,,,,,,,,,
,,,,,,,,,,,,,,,
,,,,,,,,,,,,,,,
,,,,,,,,,,,,,,,
,,,,,,,,,,,,,,,
,,,,,,,,,,,,,,,
,,,,,,,,,,,,,,,
,,,,,,,,,,,,,,,
,,,,,,,,,,,,,,,
,,,,,,,,,,,,,,,
,,,,,,,,,,,,,,,
,,,,,,,,,,,,,,,
,,,,,,,,,,,,,,,
,,,,,,,,,,,,,,,
,,,,,,,,,,,,,,,
,,,,,,,,,,,,,,,
,,,,,,,,,,,,,,,
,,,,,,,,,,,,,,,
,,,,,,,,,,,,,,,
,,,,,,,,,,,,,,,
,,,,,,,,,,,,,,,
,,,,,,,,,,,,,,,
,,,,,,,,,,,,,,,
,,,,,,,,,,,,,,,
,,,,,,,,,,,,,,,
,,,,,,,,,,,,,,,
,,,,,,,,,,,,,,,
,,,,,,,,,,,,,,,
,,,,,,,,,,,,,,,
,,,,,,,,,,,,,,,
,,,,,,,,,,,,,,,
,,,,,,,,,,,,,,,
,,,,,,,,,,,,,,,
,,,,,,,,,,,,,,,
,,,,,,,,,,,,,,,
,,,,,,,,,,,,,,,
,,,,,,,,,,,,,,,
,,,,,,,,,,,,,,,
,,,,,,,,,,,,,,,
,,,,,,,,,,,,,,,
,,,,,,,,,,,,,,,
,,,,,,,,,,,,,,,
,,,,,,,,,,,,,,,
,,,,,,,,,,,,,,,
,,,,,,,,,,,,,,,
,,,,,,,,,,,,,,,
,,,,,,,,,,,,,,,
,,,,,,,,,,,,,,,
,,,,,,,,,,,,,,,
,,,,,,,,,,,,,,,
,,,,,,,,,,,,,,,
,,,,,,,,,,,,,,,
,,,,,,,,,,,,,,,
,,,,,,,,,,,,,,,
,,,,,,,,,,,,,,,
,,,,,,,,,,,,,,,
,,,,,,,,,,,,,,,
,,,,,,,,,,,,,,,
,,,,,,,,,,,,,,,
,,,,,,,,,,,,,,,
,,,,,,,,,,,,,,,
,,,,,,,,,,,,,,,
,,,,,,,,,,,,,,,
,,,,,,,,,,,,,,,
,,,,,,,,,,,,,,,
,,,,,,,,,,,,,,,
,,,,,,,,,,,,,,,
,,,,,,,,,,,,,,,
,,,,,,,,,,,,,,,
,,,,,,,,,,,,,,,
,,,,,,,,,,,,,,,
,,,,,,,,,,,,,,,
,,,,,,,,,,,,,,,
,,,,,,,,,,,,,,,
,,,,,,,,,,,,,,,
,,,,,,,,,,,,,,,
,,,,,,,,,,,,,,,
,,,,,,,,,,,,,,,
,,,,,,,,,,,,,,,
,,,,,,,,,,,,,,,
,,,,,,,,,,,,,,,
,,,,,,,,,,,,,,,
,,,,,,,,,,,,,,,
,,,,,,,,,,,,,,,
,,,,,,,,,,,,,,,
,,,,,,,,,,,,,,,
,,,,,,,,,,,,,,,
,,,,,,,,,,,,,,,
,,,,,,,,,,,,,,,
,,,,,,,,,,,,,,,
,,,,,,,,,,,,,,,
,,,,,,,,,,,,,,,
,,,,,,,,,,,,,,,
,,,,,,,,,,,,,,,
,,,,,,,,,,,,,,,
,,,,,,,,,,,,,,,
,,,,,,,,,,,,,,,
,,,,,,,,,,,,,,,
,,,,,,,,,,,,,,,
,,,,,,,,,,,,,,,
,,,,,,,,,,,,,,,
,,,,,,,,,,,,,,,
,,,,,,,,,,,,,,,
,,,,,,,,,,,,,,,
,,,,,,,,,,,,,,,
,,,,,,,,,,,,,,,
,,,,,,,,,,,,,,,
,,,,,,,,,,,,,,,
,,,,,,,,,,,,,,,
,,,,,,,,,,,,,,,
,,,,,,,,,,,,,,,
,,,,,,,,,,,,,,,
,,,,,,,,,,,,,,,
,,,,,,,,,,,,,,,
,,,,,,,,,,,,,,,
,,,,,,,,,,,,,,,
,,,,,,,,,,,,,,,
,,,,,,,,,,,,,,,
,,,,,,,,,,,,,,,
,,,,,,,,,,,,,,,
,,,,,,,,,,,,,,,
,,,,,,,,,,,,,,,
,,,,,,,,,,,,,,,
,,,,,,,,,,,,,,,
,,,,,,,,,,,,,,,
,,,,,,,,,,,,,,,
,,,,,,,,,,,,,,,
,,,,,,,,,,,,,,,
,,,,,,,,,,,,,,,
,,,,,,,,,,,,,,,
,,,,,,,,,,,,,,,
,,,,,,,,,,,,,,,
,,,,,,,,,,,,,,,
,,,,,,,,,,,,,,,
,,,,,,,,,,,,,,,
,,,,,,,,,,,,,,,
,,,,,,,,,,,,,,,
,,,,,,,,,,,,,,,
,,,,,,,,,,,,,,,
,,,,,,,,,,,,,,,
,,,,,,,,,,,,,,,
,,,,,,,,,,,,,,,
,,,,,,,,,,,,,,,
,,,,,,,,,,,,,,,
,,,,,,,,,,,,,,,
,,,,,,,,,,,,,,,
,,,,,,,,,,,,,,,
,,,,,,,,,,,,,,,
,,,,,,,,,,,,,,,
,,,,,,,,,,,,,,,
,,,,,,,,,,,,,,,
,,,,,,,,,,,,,,,
,,,,,,,,,,,,,,,
,,,,,,,,,,,,,,,
,,,,,,,,,,,,,,,
,,,,,,,,,,,,,,,
,,,,,,,,,,,,,,,
,,,,,,,,,,,,,,,
,,,,,,,,,,,,,,,
,,,,,,,,,,,,,,,
,,,,,,,,,,,,,,,
,,,,,,,,,,,,,,,
,,,,,,,,,,,,,,,
,,,,,,,,,,,,,,,
,,,,,,,,,,,,,,,
,,,,,,,,,,,,,,,
,,,,,,,,,,,,,,,
,,,,,,,,,,,,,,,
,,,,,,,,,,,,,,,
,,,,,,,,,,,,,,,
,,,,,,,,,,,,,,,
,,,,,,,,,,,,,,,
,,,,,,,,,,,,,,,
,,,,,,,,,,,,,,,
,,,,,,,,,,,,,,,
,,,,,,,,,,,,,,,
,,,,,,,,,,,,,,,
,,,,,,,,,,,,,,,
,,,,,,,,,,,,,,,
,,,,,,,,,,,,,,,
,,,,,,,,,,,,,,,
,,,,,,,,,,,,,,,
,,,,,,,,,,,,,,,
,,,,,,,,,,,,,,,
,,,,,,,,,,,,,,,
,,,,,,,,,,,,,,,
,,,,,,,,,,,,,,,
,,,,,,,,,,,,,,,
,,,,,,,,,,,,,,,
,,,,,,,,,,,,,,,
,,,,,,,,,,,,,,,
,,,,,,,,,,,,,,,
,,,,,,,,,,,,,,,
,,,,,,,,,,,,,,,
,,,,,,,,,,,,,,,
,,,,,,,,,,,,,,,
,,,,,,,,,,,,,,,
,,,,,,,,,,,,,,,
,,,,,,,,,,,,,,,
,,,,,,,,,,,,,,,
,,,,,,,,,,,,,,,
,,,,,,,,,,,,,,,
,,,,,,,,,,,,,,,
,,,,,,,,,,,,,,,
,,,,,,,,,,,,,,,
,,,,,,,,,,,,,,,
,,,,,,,,,,,,,,,
,,,,,,,,,,,,,,,
,,,,,,,,,,,,,,,
,,,,,,,,,,,,,,,
,,,,,,,,,,,,,,,
,,,,,,,,,,,,,,,
,,,,,,,,,,,,,,,
,,,,,,,,,,,,,,,
,,,,,,,,,,,,,,,
,,,,,,,,,,,,,,,
,,,,,,,,,,,,,,,
,,,,,,,,,,,,,,,
,,,,,,,,,,,,,,,
,,,,,,,,,,,,,,,
,,,,,,,,,,,,,,,
,,,,,,,,,,,,,,,
,,,,,,,,,,,,,,,
,,,,,,,,,,,,,,,
,,,,,,,,,,,,,,,
,,,,,,,,,,,,,,,
,,,,,,,,,,,,,,,
,,,,,,,,,,,,,,,
,,,,,,,,,,,,,,,
,,,,,,,,,,,,,,,
,,,,,,,,,,,,,,,
,,,,,,,,,,,,,,,
,,,,,,,,,,,,,,,
,,,,,,,,,,,,,,,
,,,,,,,,,,,,,,,
,,,,,,,,,,,,,,,
,,,,,,,,,,,,,,,
,,,,,,,,,,,,,,,
,,,,,,,,,,,,,,,
,,,,,,,,,,,,,,,
,,,,,,,,,,,,,,,
,,,,,,,,,,,,,,,
,,,,,,,,,,,,,,,
,,,,,,,,,,,,,,,
,,,,,,,,,,,,,,,
,,,,,,,,,,,,,,,
,,,,,,,,,,,,,,,
,,,,,,,,,,,,,,,
,,,,,,,,,,,,,,,
,,,,,,,,,,,,,,,
,,,,,,,,,,,,,,,
,,,,,,,,,,,,,,,
,,,,,,,,,,,,,,,
,,,,,,,,,,,,,,,
,,,,,,,,,,,,,,,
,,,,,,,,,,,,,,,
,,,,,,,,,,,,,,,
,,,,,,,,,,,,,,,
,,,,,,,,,,,,,,,
,,,,,,,,,,,,,,,
,,,,,,,,,,,,,,,
,,,,,,,,,,,,,,,
,,,,,,,,,,,,,,,
,,,,,,,,,,,,,,,
,,,,,,,,,,,,,,,
,,,,,,,,,,,,,,,
,,,,,,,,,,,,,,,
,,,,,,,,,,,,,,,
,,,,,,,,,,,,,,,
,,,,,,,,,,,,,,,
,,,,,,,,,,,,,,,
,,,,,,,,,,,,,,,
,,,,,,,,,,,,,,,
,,,,,,,,,,,,,,,
,,,,,,,,,,,,,,,
,,,,,,,,,,,,,,,
,,,,,,,,,,,,,,,
,,,,,,,,,,,,,,,
,,,,,,,,,,,,,,,
,,,,,,,,,,,,,,,
,,,,,,,,,,,,,,,
,,,,,,,,,,,,,,,
,,,,,,,,,,,,,,,
,,,,,,,,,,,,,,,
,,,,,,,,,,,,,,,
,,,,,,,,,,,,,,,
,,,,,,,,,,,,,,,
,,,,,,,,,,,,,,,
,,,,,,,,,,,,,,,
,,,,,,,,,,,,,,,
,,,,,,,,,,,,,,,
,,,,,,,,,,,,,,,
,,,,,,,,,,,,,,,
,,,,,,,,,,,,,,,
,,,,,,,,,,,,,,,
,,,,,,,,,,,,,,,
,,,,,,,,,,,,,,,
,,,,,,,,,,,,,,,
,,,,,,,,,,,,,,,
,,,,,,,,,,,,,,,
,,,,,,,,,,,,,,,
,,,,,,,,,,,,,,,
,,,,,,,,,,,,,,,
,,,,,,,,,,,,,,,
,,,,,,,,,,,,,,,
,,,,,,,,,,,,,,,
,,,,,,,,,,,,,,,
,,,,,,,,,,,,,,,
,,,,,,,,,,,,,,,
,,,,,,,,,,,,,,,
,,,,,,,,,,,,,,,
,,,,,,,,,,,,,,,
,,,,,,,,,,,,,,,
,,,,,,,,,,,,,,,
,,,,,,,,,,,,,,,
,,,,,,,,,,,,,,,
,,,,,,,,,,,,,,,
,,,,,,,,,,,,,,,
,,,,,,,,,,,,,,,
,,,,,,,,,,,,,,,
,,,,,,,,,,,,,,,
,,,,,,,,,,,,,,,
,,,,,,,,,,,,,,,
,,,,,,,,,,,,,,,
,,,,,,,,,,,,,,,
,,,,,,,,,,,,,,,
,,,,,,,,,,,,,,,
,,,,,,,,,,,,,,,
,,,,,,,,,,,,,,,
,,,,,,,,,,,,,,,
,,,,,,,,,,,,,,,
,,,,,,,,,,,,,,,
,,,,,,,,,,,,,,,
,,,,,,,,,,,,,,,
,,,,,,,,,,,,,,,
,,,,,,,,,,,,,,,
,,,,,,,,,,,,,,,
,,,,,,,,,,,,,,,
,,,,,,,,,,,,,,,
,,,,,,,,,,,,,,,
,,,,,,,,,,,,,,,
,,,,,,,,,,,,,,,
,,,,,,,,,,,,,,,
,,,,,,,,,,,,,,,
,,,,,,,,,,,,,,,
,,,,,,,,,,,,,,,
,,,,,,,,,,,,,,,
,,,,,,,,,,,,,,,
,,,,,,,,,,,,,,,
,,,,,,,,,,,,,,,
,,,,,,,,,,,,,,,
,,,,,,,,,,,,,,,
,,,,,,,,,,,,,,,
,,,,,,,,,,,,,,,
,,,,,,,,,,,,,,,
,,,,,,,,,,,,,,,
,,,,,,,,,,,,,,,
,,,,,,,,,,,,,,,
,,,,,,,,,,,,,,,
,,,,,,,,,,,,,,,
,,,,,,,,,,,,,,,
,,,,,,,,,,,,,,,
,,,,,,,,,,,,,,,
,,,,,,,,,,,,,,,
,,,,,,,,,,,,,,,
,,,,,,,,,,,,,,,
,,,,,,,,,,,,,,,
,,,,,,,,,,,,,,,
,,,,,,,,,,,,,,,
,,,,,,,,,,,,,,,
,,,,,,,,,,,,,,,
,,,,,,,,,,,,,,,
,,,,,,,,,,,,,,,
,,,,,,,,,,,,,,,
,,,,,,,,,,,,,,,
,,,,,,,,,,,,,,,
,,,,,,,,,,,,,,,
,,,,,,,,,,,,,,,
,,,,,,,,,,,,,,,
,,,,,,,,,,,,,,,
,,,,,,,,,,,,,,,
,,,,,,,,,,,,,,,
,,,,,,,,,,,,,,,
,,,,,,,,,,,,,,,
,,,,,,,,,,,,,,,
,,,,,,,,,,,,,,,
,,,,,,,,,,,,,,,
,,,,,,,,,,,,,,,
,,,,,,,,,,,,,,,
,,,,,,,,,,,,,,,
,,,,,,,,,,,,,,,
,,,,,,,,,,,,,,,
,,,,,,,,,,,,,,,
,,,,,,,,,,,,,,,
,,,,,,,,,,,,,,,
,,,,,,,,,,,,,,,
,,,,,,,,,,,,,,,
,,,,,,,,,,,,,,,
,,,,,,,,,,,,,,,
,,,,,,,,,,,,,,,
,,,,,,,,,,,,,,,
,,,,,,,,,,,,,,,
,,,,,,,,,,,,,,,
,,,,,,,,,,,,,,,
,,,,,,,,,,,,,,,
,,,,,,,,,,,,,,,
,,,,,,,,,,,,,,,
,,,,,,,,,,,,,,,
,,,,,,,,,,,,,,,
,,,,,,,,,,,,,,,
,,,,,,,,,,,,,,,
,,,,,,,,,,,,,,,
,,,,,,,,,,,,,,,
,,,,,,,,,,,,,,,
,,,,,,,,,,,,,,,
,,,,,,,,,,,,,,,
,,,,,,,,,,,,,,,
,,,,,,,,,,,,,,,
,,,,,,,,,,,,,,,
,,,,,,,,,,,,,,,
,,,,,,,,,,,,,,,
,,,,,,,,,,,,,,,
,,,,,,,,,,,,,,,
,,,,,,,,,,,,,,,
,,,,,,,,,,,,,,,
,,,,,,,,,,,,,,,
,,,,,,,,,,,,,,,
,,,,,,,,,,,,,,,
,,,,,,,,,,,,,,,
,,,,,,,,,,,,,,,
,,,,,,,,,,,,,,,
,,,,,,,,,,,,,,,
,,,,,,,,,,,,,,,
,,,,,,,,,,,,,,,
,,,,,,,,,,,,,,,
,,,,,,,,,,,,,,,
,,,,,,,,,,,,,,,
,,,,,,,,,,,,,,,
,,,,,,,,,,,,,,,
,,,,,,,,,,,,,,,
,,,,,,,,,,,,,,,
,,,,,,,,,,,,,,,
,,,,,,,,,,,,,,,
,,,,,,,,,,,,,,,
,,,,,,,,,,,,,,,
,,,,,,,,,,,,,,,
,,,,,,,,,,,,,,,
,,,,,,,,,,,,,,,
,,,,,,,,,,,,,,,
,,,,,,,,,,,,,,,
,,,,,,,,,,,,,,,
,,,,,,,,,,,,,,,
,,,,,,,,,,,,,,,
,,,,,,,,,,,,,,,
,,,,,,,,,,,,,,,
,,,,,,,,,,,,,,,
,,,,,,,,,,,,,,,
,,,,,,,,,,,,,,,
,,,,,,,,,,,,,,,
,,,,,,,,,,,,,,,
,,,,,,,,,,,,,,,
,,,,,,,,,,,,,,,
,,,,,,,,,,,,,,,
,,,,,,,,,,,,,,,
,,,,,,,,,,,,,,,
,,,,,,,,,,,,,,,
,,,,,,,,,,,,,,,
,,,,,,,,,,,,,,,
,,,,,,,,,,,,,,,
,,,,,,,,,,,,,,,
,,,,,,,,,,,,,,,
,,,,,,,,,,,,,,,
,,,,,,,,,,,,,,,
,,,,,,,,,,,,,,,
,,,,,,,,,,,,,,,
,,,,,,,,,,,,,,,
,,,,,,,,,,,,,,,
,,,,,,,,,,,,,,,
,,,,,,,,,,,,,,,
,,,,,,,,,,,,,,,
,,,,,,,,,,,,,,,
,,,,,,,,,,,,,,,
,,,,,,,,,,,,,,,
,,,,,,,,,,,,,,,
,,,,,,,,,,,,,,,
,,,,,,,,,,,,,,,
,,,,,,,,,,,,,,,
,,,,,,,,,,,,,,,
,,,,,,,,,,,,,,,
,,,,,,,,,,,,,,,
,,,,,,,,,,,,,,,
,,,,,,,,,,,,,,,
,,,,,,,,,,,,,,,
,,,,,,,,,,,,,,,
,,,,,,,,,,,,,,,
,,,,,,,,,,,,,,,
,,,,,,,,,,,,,,,
,,,,,,,,,,,,,,,
,,,,,,,,,,,,,,,
,,,,,,,,,,,,,,,
,,,,,,,,,,,,,,,
,,,,,,,,,,,,,,,
,,,,,,,,,,,,,,,
,,,,,,,,,,,,,,,
,,,,,,,,,,,,,,,
,,,,,,,,,,,,,,,
,,,,,,,,,,,,,,,
,,,,,,,,,,,,,,,
,,,,,,,,,,,,,,,
,,,,,,,,,,,,,,,
,,,,,,,,,,,,,,,
,,,,,,,,,,,,,,,
,,,,,,,,,,,,,,,
,,,,,,,,,,,,,,,
,,,,,,,,,,,,,,,
,,,,,,,,,,,,,,,
,,,,,,,,,,,,,,,
,,,,,,,,,,,,,,,
,,,,,,,,,,,,,,,
,,,,,,,,,,,,,,,
,,,,,,,,,,,,,,,
,,,,,,,,,,,,,,,
,,,,,,,,,,,,,,,
,,,,,,,,,,,,,,,
,,,,,,,,,,,,,,,
,,,,,,,,,,,,,,,
,,,,,,,,,,,,,,,
,,,,,,,,,,,,,,,
,,,,,,,,,,,,,,,
,,,,,,,,,,,,,,,
,,,,,,,,,,,,,,,
,,,,,,,,,,,,,,,
,,,,,,,,,,,,,,,
,,,,,,,,,,,,,,,
,,,,,,,,,,,,,,,
,,,,,,,,,,,,,,,
,,,,,,,,,,,,,,,
,,,,,,,,,,,,,,,
,,,,,,,,,,,,,,,
,,,,,,,,,,,,,,,
,,,,,,,,,,,,,,,
,,,,,,,,,,,,,,,
,,,,,,,,,,,,,,,
,,,,,,,,,,,,,,,
,,,,,,,,,,,,,,,
,,,,,,,,,,,,,,,
,,,,,,,,,,,,,,,
,,,,,,,,,,,,,,,
,,,,,,,,,,,,,,,
,,,,,,,,,,,,,,,
,,,,,,,,,,,,,,,
,,,,,,,,,,,,,,,
,,,,,,,,,,,,,,,
,,,,,,,,,,,,,,,
,,,,,,,,,,,,,,,
,,,,,,,,,,,,,,,
,,,,,,,,,,,,,,,
,,,,,,,,,,,,,,,
,,,,,,,,,,,,,,,
,,,,,,,,,,,,,,,
,,,,,,,,,,,,,,,
,,,,,,,,,,,,,,,
,,,,,,,,,,,,,,,
,,,,,,,,,,,,,,,
,,,,,,,,,,,,,,,
,,,,,,,,,,,,,,,
,,,,,,,,,,,,,,,
,,,,,,,,,,,,,,,
,,,,,,,,,,,,,,,
,,,,,,,,,,,,,,,
,,,,,,,,,,,,,,,
,,,,,,,,,,,,,,,
,,,,,,,,,,,,,,,
,,,,,,,,,,,,,,,
,,,,,,,,,,,,,,,
,,,,,,,,,,,,,,,
,,,,,,,,,,,,,,,
,,,,,,,,,,,,,,,
,,,,,,,,,,,,,,,
,,,,,,,,,,,,,,,
,,,,,,,,,,,,,,,
,,,,,,,,,,,,,,,
,,,,,,,,,,,,,,,
,,,,,,,,,,,,,,,
,,,,,,,,,,,,,,,
,,,,,,,,,,,,,,,
,,,,,,,,,,,,,,,
,,,,,,,,,,,,,,,
,,,,,,,,,,,,,,,
,,,,,,,,,,,,,,,
,,,,,,,,,,,,,,,
,,,,,,,,,,,,,,,
,,,,,,,,,,,,,,,
,,,,,,,,,,,,,,,
,,,,,,,,,,,,,,,
,,,,,,,,,,,,,,,
,,,,,,,,,,,,,,,
,,,,,,,,,,,,,,,
,,,,,,,,,,,,,,,
,,,,,,,,,,,,,,,
,,,,,,,,,,,,,,,
,,,,,,,,,,,,,,,
,,,,,,,,,,,,,,,
,,,,,,,,,,,,,,,
,,,,,,,,,,,,,,,
,,,,,,,,,,,,,,,
,,,,,,,,,,,,,,,
,,,,,,,,,,,,,,,
,,,,,,,,,,,,,,,
,,,,,,,,,,,,,,,
,,,,,,,,,,,,,,,
,,,,,,,,,,,,,,,
,,,,,,,,,,,,,,,
,,,,,,,,,,,,,,,
,,,,,,,,,,,,,,,
,,,,,,,,,,,,,,,
,,,,,,,,,,,,,,,
,,,,,,,,,,,,,,,
,,,,,,,,,,,,,,,
,,,,,,,,,,,,,,,
,,,,,,,,,,,,,,,
,,,,,,,,,,,,,,,
,,,,,,,,,,,,,,,
,,,,,,,,,,,,,,,
,,,,,,,,,,,,,,,
,,,,,,,,,,,,,,,
,,,,,,,,,,,,,,,
,,,,,,,,,,,,,,,
,,,,,,,,,,,,,,,
,,,,,,,,,,,,,,,
,,,,,,,,,,,,,,,
,,,,,,,,,,,,,,,
,,,,,,,,,,,,,,,
,,,,,,,,,,,,,,,
,,,,,,,,,,,,,,,
,,,,,,,,,,,,,,,
,,,,,,,,,,,,,,,
,,,,,,,,,,,,,,,
,,,,,,,,,,,,,,,
,,,,,,,,,,,,,,,
,,,,,,,,,,,,,,,
,,,,,,,,,,,,,,,
,,,,,,,,,,,,,,,
,,,,,,,,,,,,,,,
,,,,,,,,,,,,,,,
,,,,,,,,,,,,,,,
,,,,,,,,,,,,,,,
,,,,,,,,,,,,,,,
,,,,,,,,,,,,,,,
,,,,,,,,,,,,,,,
,,,,,,,,,,,,,,,
,,,,,,,,,,,,,,,
,,,,,,,,,,,,,,,
,,,,,,,,,,,,,,,
,,,,,,,,,,,,,,,
,,,,,,,,,,,,,,,
,,,,,,,,,,,,,,,
,,,,,,,,,,,,,,,
,,,,,,,,,,,,,,,
,,,,,,,,,,,,,,,
,,,,,,,,,,,,,,,
,,,,,,,,,,,,,,,
,,,,,,,,,,,,,,,
,,,,,,,,,,,,,,,
,,,,,,,,,,,,,,,
,,,,,,,,,,,,,,,
,,,,,,,,,,,,,,,
,,,,,,,,,,,,,,,
,,,,,,,,,,,,,,,
,,,,,,,,,,,,,,,
,,,,,,,,,,,,,,,
,,,,,,,,,,,,,,,
,,,,,,,,,,,,,,,
,,,,,,,,,,,,,,,
,,,,,,,,,,,,,,,
,,,,,,,,,,,,,,,
,,,,,,,,,,,,,,,
,,,,,,,,,,,,,,,
,,,,,,,,,,,,,,,
,,,,,,,,,,,,,,,
,,,,,,,,,,,,,,,
,,,,,,,,,,,,,,,
,,,,,,,,,,,,,,,
,,,,,,,,,,,,,,,
,,,,,,,,,,,,,,,
,,,,,,,,,,,,,,,
,,,,,,,,,,,,,,,
,,,,,,,,,,,,,,,
,,,,,,,,,,,,,,,
,,,,,,,,,,,,,,,
,,,,,,,,,,,,,,,
,,,,,,,,,,,,,,,
,,,,,,,,,,,,,,,
,,,,,,,,,,,,,,,
,,,,,,,,,,,,,,,
,,,,,,,,,,,,,,,
,,,,,,,,,,,,,,,
,,,,,,,,,,,,,,,
,,,,,,,,,,,,,,,
,,,,,,,,,,,,,,,
,,,,,,,,,,,,,,,
,,,,,,,,,,,,,,,
,,,,,,,,,,,,,,,
,,,,,,,,,,,,,,,
,,,,,,,,,,,,,,,
,,,,,,,,,,,,,,,
,,,,,,,,,,,,,,,
,,,,,,,,,,,,,,,
,,,,,,,,,,,,,,,
,,,,,,,,,,,,,,,
,,,,,,,,,,,,,,,
,,,,,,,,,,,,,,,
,,,,,,,,,,,,,,,
,,,,,,,,,,,,,,,
,,,,,,,,,,,,,,,
,,,,,,,,,,,,,,,
,,,,,,,,,,,,,,,
,,,,,,,,,,,,,,,
,,,,,,,,,,,,,,,
,,,,,,,,,,,,,,,
,,,,,,,,,,,,,,,
,,,,,,,,,,,,,,,
,,,,,,,,,,,,,,,
,,,,,,,,,,,,,,,
,,,,,,,,,,,,,,,
,,,,,,,,,,,,,,,
,,,,,,,,,,,,,,,
,,,,,,,,,,,,,,,
,,,,,,,,,,,,,,,
,,,,,,,,,,,,,,,
,,,,,,,,,,,,,,,
,,,,,,,,,,,,,,,
,,,,,,,,,,,,,,,
,,,,,,,,,,,,,,,
,,,,,,,,,,,,,,,
,,,,,,,,,,,,,,,
,,,,,,,,,,,,,,,
,,,,,,,,,,,,,,,
,,,,,,,,,,,,,,,
,,,,,,,,,,,,,,,
,,,,,,,,,,,,,,,
,,,,,,,,,,,,,,,
,,,,,,,,,,,,,,,
,,,,,,,,,,,,,,,
,,,,,,,,,,,,,,,
,,,,,,,,,,,,,,,
,,,,,,,,,,,,,,,
,,,,,,,,,,,,,,,
,,,,,,,,,,,,,,,
,,,,,,,,,,,,,,,
,,,,,,,,,,,,,,,
,,,,,,,,,,,,,,,
,,,,,,,,,,,,,,,
,,,,,,,,,,,,,,,
,,,,,,,,,,,,,,,
,,,,,,,,,,,,,,,
,,,,,,,,,,,,,,,
,,,,,,,,,,,,,,,
,,,,,,,,,,,,,,,
,,,,,,,,,,,,,,,
,,,,,,,,,,,,,,,
,,,,,,,,,,,,,,,
,,,,,,,,,,,,,,,
,,,,,,,,,,,,,,,
,,,,,,,,,,,,,,,
,,,,,,,,,,,,,,,
,,,,,,,,,,,,,,,
,,,,,,,,,,,,,,,
,,,,,,,,,,,,,,,
,,,,,,,,,,,,,,,
,,,,,,,,,,,,,,,
,,,,,,,,,,,,,,,
,,,,,,,,,,,,,,,
,,,,,,,,,,,,,,,
,,,,,,,,,,,,,,,
,,,,,,,,,,,,,,,
,,,,,,,,,,,,,,,
,,,,,,,,,,,,,,,
,,,,,,,,,,,,,,,
,,,,,,,,,,,,,,,
,,,,,,,,,,,,,,,
,,,,,,,,,,,,,,,
,,,,,,,,,,,,,,,
,,,,,,,,,,,,,,,
,,,,,,,,,,,,,,,
,,,,,,,,,,,,,,,
,,,,,,,,,,,,,,,
,,,,,,,,,,,,,,,
,,,,,,,,,,,,,,,
,,,,,,,,,,,,,,,
,,,,,,,,,,,,,,,
,,,,,,,,,,,,,,,
,,,,,,,,,,,,,,,
,,,,,,,,,,,,,,,
,,,,,,,,,,,,,,,
,,,,,,,,,,,,,,,
,,,,,,,,,,,,,,,
,,,,,,,,,,,,,,,
,,,,,,,,,,,,,,,
,,,,,,,,,,,,,,,
,,,,,,,,,,,,,,,
,,,,,,,,,,,,,,,
,,,,,,,,,,,,,,,
,,,,,,,,,,,,,,,
,,,,,,,,,,,,,,,
,,,,,,,,,,,,,,,
,,,,,,,,,,,,,,,
,,,,,,,,,,,,,,,
,,,,,,,,,,,,,,,
,,,,,,,,,,,,,,,
,,,,,,,,,,,,,,,
,,,,,,,,,,,,,,,
,,,,,,,,,,,,,,,
,,,,,,,,,,,,,,,
,,,,,,,,,,,,,,,
,,,,,,,,,,,,,,,
,,,,,,,,,,,,,,,
,,,,,,,,,,,,,,,
,,,,,,,,,,,,,,,
,,,,,,,,,,,,,,,
,,,,,,,,,,,,,,,
,,,,,,,,,,,,,,,
,,,,,,,,,,,,,,,
,,,,,,,,,,,,,,,
,,,,,,,,,,,,,,,
,,,,,,,,,,,,,,,
,,,,,,,,,,,,,,,
,,,,,,,,,,,,,,,
,,,,,,,,,,,,,,,
,,,,,,,,,,,,,,,
,,,,,,,,,,,,,,,
,,,,,,,,,,,,,,,
,,,,,,,,,,,,,,,
,,,,,,,,,,,,,,,
,,,,,,,,,,,,,,,
,,,,,,,,,,,,,,,
,,,,,,,,,,,,,,,
,,,,,,,,,,,,,,,
,,,,,,,,,,,,,,,
,,,,,,,,,,,,,,,
,,,,,,,,,,,,,,,
,,,,,,,,,,,,,,,
,,,,,,,,,,,,,,,
,,,,,,,,,,,,,,,
,,,,,,,,,,,,,,,
,,,,,,,,,,,,,,,
,,,,,,,,,,,,,,,
,,,,,,,,,,,,,,,
,,,,,,,,,,,,,,,
,,,,,,,,,,,,,,,
,,,,,,,,,,,,,,,
,,,,,,,,,,,,,,,
,,,,,,,,,,,,,,,
,,,,,,,,,,,,,,,
,,,,,,,,,,,,,,,
,,,,,,,,,,,,,,,
,,,,,,,,,,,,,,,
,,,,,,,,,,,,,,,
,,,,,,,,,,,,,,,
,,,,,,,,,,,,,,,
,,,,,,,,,,,,,,,
,,,,,,,,,,,,,,,
,,,,,,,,,,,,,,,
,,,,,,,,,,,,,,,
,,,,,,,,,,,,,,,
,,,,,,,,,,,,,,,
,,,,,,,,,,,,,,,
,,,,,,,,,,,,,,,
,,,,,,,,,,,,,,,
,,,,,,,,,,,,,,,
,,,,,,,,,,,,,,,
,,,,,,,,,,,,,,,
,,,,,,,,,,,,,,,
,,,,,,,,,,,,,,,
,,,,,,,,,,,,,,,
,,,,,,,,,,,,,,,
,,,,,,,,,,,,,,,
,,,,,,,,,,,,,,,
,,,,,,,,,,,,,,,
,,,,,,,,,,,,,,,
,,,,,,,,,,,,,,,
,,,,,,,,,,,,,,,
,,,,,,,,,,,,,,,
,,,,,,,,,,,,,,,
,,,,,,,,,,,,,,,
,,,,,,,,,,,,,,,
,,,,,,,,,,,,,,,
,,,,,,,,,,,,,,,
,,,,,,,,,,,,,,,
,,,,,,,,,,,,,,,
,,,,,,,,,,,,,,,
,,,,,,,,,,,,,,,
,,,,,,,,,,,,,,,
,,,,,,,,,,,,,,,
,,,,,,,,,,,,,,,
,,,,,,,,,,,,,,,
,,,,,,,,,,,,,,,
,,,,,,,,,,,,,,,
,,,,,,,,,,,,,,,
,,,,,,,,,,,,,,,
,,,,,,,,,,,,,,,
,,,,,,,,,,,,,,,
,,,,,,,,,,,,,,,
,,,,,,,,,,,,,,,
,,,,,,,,,,,,,,,
,,,,,,,,,,,,,,,
,,,,,,,,,,,,,,,
,,,,,,,,,,,,,,,
,,,,,,,,,,,,,,,
,,,,,,,,,,,,,,,
,,,,,,,,,,,,,,,
,,,,,,,,,,,,,,,
,,,,,,,,,,,,,,,
,,,,,,,,,,,,,,,
,,,,,,,,,,,,,,,
,,,,,,,,,,,,,,,
,,,,,,,,,,,,,,,
,,,,,,,,,,,,,,,
,,,,,,,,,,,,,,,
,,,,,,,,,,,,,,,
,,,,,,,,,,,,,,,
,,,,,,,,,,,,,,,
,,,,,,,,,,,,,,,
,,,,,,,,,,,,,,,
,,,,,,,,,,,,,,,
,,,,,,,,,,,,,,,
,,,,,,,,,,,,,,,
,,,,,,,,,,,,,,,
,,,,,,,,,,,,,,,
,,,,,,,,,,,,,,,
,,,,,,,,,,,,,,,
,,,,,,,,,,,,,,,
,,,,,,,,,,,,,,,
,,,,,,,,,,,,,,,
,,,,,,,,,,,,,,,
,,,,,,,,,,,,,,,
,,,,,,,,,,,,,,,
,,,,,,,,,,,,,,,
,,,,,,,,,,,,,,,
,,,,,,,,,,,,,,,
,,,,,,,,,,,,,,,
,,,,,,,,,,,,,,,
,,,,,,,,,,,,,,,
,,,,,,,,,,,,,,,
,,,,,,,,,,,,,,,
,,,,,,,,,,,,,,,
,,,,,,,,,,,,,,,
,,,,,,,,,,,,,,,
,,,,,,,,,,,,,,,
,,,,,,,,,,,,,,,
,,,,,,,,,,,,,,,
,,,,,,,,,,,,,,,
,,,,,,,,,,,,,,,
,,,,,,,,,,,,,,,
,,,,,,,,,,,,,,,
,,,,,,,,,,,,,,,
,,,,,,,,,,,,,,,
,,,,,,,,,,,,,,,
,,,,,,,,,,,,,,,
,,,,,,,,,,,,,,,
,,,,,,,,,,,,,,,
,,,,,,,,,,,,,,,
,,,,,,,,,,,,,,,
,,,,,,,,,,,,,,,
,,,,,,,,,,,,,,,
,,,,,,,,,,,,,,,
,,,,,,,,,,,,,,,
,,,,,,,,,,,,,,,
,,,,,,,,,,,,,,,
,,,,,,,,,,,,,,,
,,,,,,,,,,,,,,,
,,,,,,,,,,,,,,,
,,,,,,,,,,,,,,,
,,,,,,,,,,,,,,,
,,,,,,,,,,,,,,,
,,,,,,,,,,,,,,,
,,,,,,,,,,,,,,,
,,,,,,,,,,,,,,,
,,,,,,,,,,,,,,,
,,,,,,,,,,,,,,,
,,,,,,,,,,,,,,,
,,,,,,,,,,,,,,,
,,,,,,,,,,,,,,,
,,,,,,,,,,,,,,,
,,,,,,,,,,,,,,,
,,,,,,,,,,,,,,,
,,,,,,,,,,,,,,,
,,,,,,,,,,,,,,,
,,,,,,,,,,,,,,,
,,,,,,,,,,,,,,,
,,,,,,,,,,,,,,,
,,,,,,,,,,,,,,,
,,,,,,,,,,,,,,,
,,,,,,,,,,,,,,,
,,,,,,,,,,,,,,,
,,,,,,,,,,,,,,,
,,,,,,,,,,,,,,,
,,,,,,,,,,,,,,,
,,,,,,,,,,,,,,,
,,,,,,,,,,,,,,,
,,,,,,,,,,,,,,,
,,,,,,,,,,,,,,,
,,,,,,,,,,,,,,,
,,,,,,,,,,,,,,,
,,,,,,,,,,,,,,,
,,,,,,,,,,,,,,,
,,,,,,,,,,,,,,,
,,,,,,,,,,,,,,,
,,,,,,,,,,,,,,,
,,,,,,,,,,,,,,,
,,,,,,,,,,,,,,,
,,,,,,,,,,,,,,,
,,,,,,,,,,,,,,,
,,,,,,,,,,,,,,,
,,,,,,,,,,,,,,,
,,,,,,,,,,,,,,,
,,,,,,,,,,,,,,,
,,,,,,,,,,,,,,,
,,,,,,,,,,,,,,,
,,,,,,,,,,,,,,,
,,,,,,,,,,,,,,,
,,,,,,,,,,,,,,,
,,,,,,,,,,,,,,,
,,,,,,,,,,,,,,,
,,,,,,,,,,,,,,,
,,,,,,,,,,,,,,,
,,,,,,,,,,,,,,,
,,,,,,,,,,,,,,,
,,,,,,,,,,,,,,,
,,,,,,,,,,,,,,,
,,,,,,,,,,,,,,,
,,,,,,,,,,,,,,,
,,,,,,,,,,,,,,,
,,,,,,,,,,,,,,,
,,,,,,,,,,,,,,,
,,,,,,,,,,,,,,,
,,,,,,,,,,,,,,,
,,,,,,,,,,,,,,,
,,,,,,,,,,,,,,,
,,,,,,,,,,,,,,,
,,,,,,,,,,,,,,,
,,,,,,,,,,,,,,,
,,,,,,,,,,,,,,,
,,,,,,,,,,,,,,,
,,,,,,,,,,,,,,,
,,,,,,,,,,,,,,,
,,,,,,,,,,,,,,,
,,,,,,,,,,,,,,,
,,,,,,,,,,,,,,,
,,,,,,,,,,,,,,,
,,,,,,,,,,,,,,,
,,,,,,,,,,,,,,,
,,,,,,,,,,,,,,,
,,,,,,,,,,,,,,,
,,,,,,,,,,,,,,,
,,,,,,,,,,,,,,,
,,,,,,,,,,,,,,,
,,,,,,,,,,,,,,,
,,,,,,,,,,,,,,,
,,,,,,,,,,,,,,,
,,,,,,,,,,,,,,,
,,,,,,,,,,,,,,,
,,,,,,,,,,,,,,,
,,,,,,,,,,,,,,,
