#AGGR_TYPE_CD,OCCPTN_GRP_CD,OCCPTN_SGRP_CD,ACAD_GRAD_YEAR,REPORTING_ACAD_YR,GENDER,GRAD_COUNT,STUD_SAT_COUNT,UNEMP_RATE,EMP_RATE,EMP_FT_RATE,EMP_PT_RATE,JSD_RATE_FT_RLTD_1,JSD_RATE_FT_RLTD_2,JSD_RATE_FT_RLTD_3,JSD_RATE_FT_RLTD_4,JSD_RATE_FT_RLTD_5,ANN_SLRY_EMP_FT_RATE,ANN_CLRY_EMP_FT_RLTD_RATE,GRAD_SAT_RATE_AGG,IN_LF,STUD_SAT_RATE,GRADUATION_RATE,EMP_FT_REL_RATE
Cl,A,A07,2012-2013,2013-2014,T,19,N/A,12.5,87.5,62.5,12.5,N/A,N/A,N/A,N/A,N/A,27500,27500,67.5,87.5,N/A,67.5,27.5
Cl,A,A07,2010-2011,2011-2012,T,23,18,22.5,82.5,62.5,22.5,17.5,52.5,67.5,97.5,97.5,32500,32500,57.5,92.5,87.5,N/A,42.5
Cl,A,A07,2011-2012,2012-2013,T,23,N/A,32.5,67.5,47.5,22.5,52.5,52.5,52.5,77.5,97.5,27500,27500,72.5,72.5,N/A,52.5,37.5
Cl,A,A18,2010-2011,2011-2012,T,25,56,17.5,82.5,67.5,17.5,22.5,42.5,42.5,82.5,97.5,37500,37500,77.5,67.5,87.5,N/A,37.5
Cl,T,T07,2013-2014,2014-2015,T,28,62,22.5,77.5,77.5,2.5,N/A,N/A,N/A,N/A,N/A,37500,37500,77.5,87.5,77.5,67.5,77.5
Cl,B,B18,2010-2011,2011-2012,T,30,98,17.5,82.5,72.5,12.5,62.5,82.5,97.5,97.5,97.5,37500,32500,77.5,77.5,72.5,N/A,57.5
Cl,A,A18,2011-2012,2012-2013,T,30,55,12.5,92.5,82.5,12.5,22.5,42.5,67.5,77.5,97.5,37500,42500,92.5,92.5,72.5,72.5,47.5
Cl,A,A19,2011-2012,2012-2013,T,30,36,27.5,72.5,47.5,27.5,52.5,52.5,77.5,97.5,97.5,37500,42500,67.5,67.5,87.5,42.5,37.5
Cl,B,B10,2012-2013,2013-2014,T,31,67,27.5,72.5,52.5,7.5,N/A,N/A,N/A,N/A,N/A,42500,47500,47.5,87.5,57.5,82.5,37.5
Cl,B,B18,2011-2012,2012-2013,T,32,180,22.5,77.5,67.5,7.5,52.5,57.5,82.5,97.5,97.5,32500,32500,52.5,82.5,72.5,57.5,57.5
Cl,A,A19,2013-2014,2014-2015,T,32,45,2.5,97.5,97.5,2.5,N/A,N/A,N/A,N/A,N/A,32500,37500,72.5,37.5,77.5,67.5,62.5
Cl,A,A18,2014-2015,2015-2016,T,32,42,22.5,77.5,57.5,12.5,27.5,37.5,62.5,87.5,97.5,37500,42500,57.5,87.5,82.5,82.5,47.5
Cl,A,A18,2013-2014,2014-2015,T,35,23,42.5,57.5,52.5,7.5,N/A,N/A,N/A,N/A,N/A,37500,62500,57.5,72.5,82.5,72.5,17.5
Cl,A,A18,2012-2013,2013-2014,T,37,46,17.5,82.5,62.5,17.5,N/A,N/A,N/A,N/A,N/A,37500,42500,92.5,92.5,77.5,57.5,57.5
Cl,A,A19,2012-2013,2013-2014,T,37,66,17.5,82.5,57.5,17.5,N/A,N/A,N/A,N/A,N/A,27500,32500,97.5,62.5,77.5,62.5,52.5
Cl,A,A19,2010-2011,2011-2012,T,41,41,2.5,97.5,97.5,2.5,47.5,52.5,67.5,97.5,97.5,37500,37500,87.5,72.5,87.5,N/A,77.5
Cl,T,T07,2014-2015,2015-2016,T,41,65,27.5,72.5,67.5,2.5,52.5,82.5,82.5,97.5,97.5,42500,42500,62.5,92.5,72.5,52.5,62.5
Cl,T,T07,2012-2013,2013-2014,T,42,61,22.5,77.5,62.5,2.5,N/A,N/A,N/A,N/A,N/A,37500,37500,77.5,87.5,77.5,62.5,57.5
Cl,T,T17,2010-2011,2011-2012,T,46,140,17.5,82.5,77.5,2.5,62.5,62.5,82.5,87.5,97.5,47500,52500,87.5,92.5,82.5,N/A,52.5
Cl,B,B10,2010-2011,2011-2012,T,50,47,2.5,97.5,77.5,17.5,32.5,47.5,72.5,82.5,97.5,37500,42500,57.5,92.5,67.5,N/A,52.5
Cl,T,T05,2011-2012,2012-2013,T,51,128,7.5,92.5,87.5,7.5,12.5,52.5,77.5,92.5,97.5,37500,37500,67.5,72.5,62.5,72.5,52.5
Cl,T,T05,2013-2014,2014-2015,T,54,119,22.5,77.5,67.5,12.5,N/A,N/A,N/A,N/A,N/A,37500,37500,77.5,57.5,62.5,62.5,62.5
Cl,T,T07,2011-2012,2012-2013,T,55,62,27.5,72.5,72.5,2.5,42.5,67.5,92.5,97.5,97.5,47500,47500,77.5,92.5,67.5,52.5,62.5
Cl,B,B10,2011-2012,2012-2013,T,56,61,2.5,97.5,87.5,7.5,57.5,62.5,82.5,92.5,97.5,42500,47500,72.5,87.5,57.5,62.5,72.5
Cl,T,T05,2010-2011,2011-2012,T,57,145,17.5,82.5,72.5,7.5,12.5,27.5,42.5,62.5,97.5,37500,42500,57.5,72.5,57.5,N/A,52.5
Cl,T,T07,2010-2011,2011-2012,T,57,66,27.5,72.5,72.5,2.5,52.5,62.5,77.5,87.5,97.5,42500,47500,67.5,82.5,77.5,N/A,47.5
Cl,T,T17,2012-2013,2013-2014,T,59,142,22.5,77.5,72.5,2.5,N/A,N/A,N/A,N/A,N/A,52500,57500,87.5,97.5,62.5,62.5,37.5
Cl,T,T17,2013-2014,2014-2015,T,59,85,22.5,77.5,67.5,2.5,N/A,N/A,N/A,N/A,N/A,62500,62500,82.5,92.5,72.5,67.5,57.5
Cl,A,A19,2014-2015,2015-2016,T,61,53,22.5,77.5,72.5,2.5,32.5,67.5,77.5,97.5,97.5,37500,37500,92.5,72.5,82.5,62.5,52.5
Cl,T,T05,2014-2015,2015-2016,T,61,113,17.5,82.5,57.5,2.5,12.5,12.5,37.5,87.5,97.5,42500,42500,72.5,62.5,67.5,82.5,37.5
Cl,T,T05,2012-2013,2013-2014,T,64,122,12.5,87.5,72.5,7.5,N/A,N/A,N/A,N/A,N/A,32500,32500,62.5,72.5,67.5,77.5,57.5
Cl,B,B18,2012-2013,2013-2014,T,66,224,12.5,87.5,77.5,7.5,N/A,N/A,N/A,N/A,N/A,37500,37500,77.5,77.5,72.5,52.5,67.5
Cl,T,T15,2013-2014,2014-2015,T,66,366,17.5,82.5,62.5,12.5,N/A,N/A,N/A,N/A,N/A,37500,32500,72.5,97.5,67.5,47.5,47.5
Cl,T,T17,2011-2012,2012-2013,T,67,146,32.5,67.5,67.5,2.5,22.5,37.5,67.5,92.5,97.5,52500,67500,62.5,92.5,77.5,67.5,42.5
Cl,T,T17,2014-2015,2015-2016,T,67,92,12.5,87.5,67.5,7.5,52.5,62.5,82.5,92.5,97.5,57500,62500,72.5,92.5,77.5,82.5,52.5
Cl,B,B18,2013-2014,2014-2015,T,68,241,12.5,87.5,72.5,7.5,N/A,N/A,N/A,N/A,N/A,37500,42500,67.5,77.5,72.5,47.5,57.5
Cl,B,B10,2014-2015,2015-2016,T,73,68,12.5,92.5,67.5,22.5,52.5,62.5,67.5,92.5,97.5,37500,42500,62.5,97.5,62.5,72.5,52.5
Cl,T,T18,2012-2013,2013-2014,T,74,120,7.5,92.5,82.5,2.5,N/A,N/A,N/A,N/A,N/A,47500,52500,67.5,82.5,72.5,57.5,62.5
Cl,T,T18,2011-2012,2012-2013,T,79,104,17.5,82.5,82.5,2.5,27.5,42.5,77.5,92.5,97.5,47500,52500,82.5,82.5,67.5,57.5,62.5
Cl,B,B18,2014-2015,2015-2016,T,81,304,12.5,87.5,67.5,17.5,17.5,42.5,77.5,97.5,97.5,32500,37500,82.5,82.5,77.5,42.5,32.5
Cl,T,T08,2010-2011,2011-2012,T,83,189,12.5,87.5,82.5,2.5,7.5,37.5,67.5,82.5,97.5,47500,47500,82.5,92.5,67.5,N/A,67.5
Cl,T,T18,2010-2011,2011-2012,T,87,107,12.5,87.5,87.5,2.5,22.5,47.5,77.5,92.5,97.5,52500,52500,82.5,72.5,72.5,N/A,77.5
Cl,T,T15,2011-2012,2012-2013,T,88,400,32.5,67.5,57.5,7.5,12.5,37.5,57.5,77.5,97.5,32500,32500,77.5,92.5,72.5,62.5,42.5
Cl,T,T15,2010-2011,2011-2012,T,91,345,22.5,77.5,62.5,12.5,12.5,42.5,77.5,92.5,97.5,27500,32500,72.5,87.5,72.5,N/A,42.5
Cl,T,T08,2011-2012,2012-2013,T,91,187,12.5,87.5,82.5,2.5,22.5,57.5,77.5,92.5,97.5,52500,52500,87.5,72.5,72.5,67.5,62.5
Cl,T,T18,2013-2014,2014-2015,T,92,99,17.5,82.5,82.5,2.5,N/A,N/A,N/A,N/A,N/A,52500,52500,67.5,82.5,72.5,62.5,57.5
Cl,A,A06,2011-2012,2012-2013,T,93,156,27.5,72.5,42.5,22.5,22.5,52.5,97.5,97.5,97.5,22500,22500,67.5,72.5,77.5,72.5,27.5
Cl,T,T15,2012-2013,2013-2014,T,93,369,17.5,82.5,67.5,7.5,N/A,N/A,N/A,N/A,N/A,27500,27500,77.5,92.5,72.5,47.5,57.5
Cl,A,A11,2011-2012,2012-2013,T,94,180,27.5,72.5,37.5,32.5,37.5,52.5,62.5,92.5,97.5,32500,37500,77.5,92.5,87.5,77.5,27.5
Cl,A,A06,2013-2014,2014-2015,T,98,170,7.5,92.5,72.5,17.5,N/A,N/A,N/A,N/A,N/A,22500,22500,82.5,72.5,77.5,62.5,42.5
Cl,A,A06,2012-2013,2013-2014,T,100,170,22.5,77.5,62.5,17.5,N/A,N/A,N/A,N/A,N/A,27500,27500,72.5,67.5,77.5,62.5,42.5
Cl,T,T18,2014-2015,2015-2016,T,100,103,2.5,97.5,72.5,7.5,37.5,67.5,67.5,92.5,97.5,47500,52500,77.5,62.5,77.5,67.5,57.5
Cl,A,A11,2014-2015,2015-2016,T,103,149,27.5,72.5,32.5,42.5,22.5,22.5,37.5,82.5,97.5,42500,42500,77.5,87.5,82.5,77.5,27.5
Cl,T,T08,2012-2013,2013-2014,T,105,233,27.5,72.5,67.5,2.5,N/A,N/A,N/A,N/A,N/A,47500,52500,72.5,87.5,67.5,57.5,47.5
Cl,A,A11,2010-2011,2011-2012,T,106,157,22.5,77.5,47.5,27.5,12.5,27.5,42.5,82.5,97.5,37500,37500,77.5,92.5,87.5,N/A,32.5
Cl,A,A11,2012-2013,2013-2014,T,108,166,12.5,87.5,42.5,37.5,N/A,N/A,N/A,N/A,N/A,32500,32500,87.5,92.5,82.5,72.5,32.5
Cl,T,T15,2014-2015,2015-2016,T,109,348,22.5,77.5,57.5,7.5,7.5,27.5,42.5,87.5,97.5,32500,32500,77.5,82.5,67.5,57.5,42.5
Cl,B,B10,2013-2014,2014-2015,T,111,69,12.5,87.5,77.5,7.5,N/A,N/A,N/A,N/A,N/A,42500,47500,57.5,92.5,47.5,52.5,57.5
Cl,T,T08,2013-2014,2014-2015,T,114,222,22.5,82.5,72.5,2.5,N/A,N/A,N/A,N/A,N/A,47500,52500,77.5,82.5,72.5,72.5,62.5
Cl,A,A11,2013-2014,2014-2015,T,116,162,17.5,82.5,42.5,37.5,N/A,N/A,N/A,N/A,N/A,37500,42500,82.5,87.5,77.5,72.5,32.5
Cl,A,A06,2010-2011,2011-2012,T,123,166,17.5,82.5,72.5,12.5,27.5,62.5,72.5,82.5,97.5,27500,27500,82.5,67.5,82.5,N/A,42.5
Cl,T,T08,2014-2015,2015-2016,T,121,218,27.5,72.5,67.5,2.5,22.5,52.5,77.5,87.5,97.5,47500,52500,67.5,82.5,77.5,67.5,52.5
Cl,A,A06,2014-2015,2015-2016,T,122,167,22.5,77.5,52.5,17.5,2.5,22.5,32.5,82.5,97.5,32500,32500,97.5,67.5,77.5,67.5,32.5
Cl,B,B14,2014-2015,2015-2016,T,156,203,17.5,82.5,67.5,7.5,57.5,77.5,87.5,97.5,97.5,32500,37500,62.5,72.5,72.5,57.5,37.5
Cl,B,B14,2012-2013,2013-2014,T,165,337,22.5,77.5,57.5,12.5,N/A,N/A,N/A,N/A,N/A,32500,27500,72.5,82.5,77.5,57.5,32.5
Cl,B,B14,2013-2014,2014-2015,T,190,169,12.5,87.5,77.5,7.5,N/A,N/A,N/A,N/A,N/A,32500,32500,67.5,77.5,72.5,52.5,42.5
Cl,B,B14,2011-2012,2012-2013,T,204,328,12.5,87.5,67.5,12.5,52.5,67.5,67.5,82.5,97.5,27500,32500,67.5,67.5,82.5,52.5,37.5
Cl,B,B14,2010-2011,2011-2012,T,225,226,12.5,87.5,72.5,12.5,52.5,62.5,67.5,82.5,97.5,32500,37500,82.5,77.5,72.5,N/A,37.5
Cl,T,T16,2012-2013,2013-2014,T,226,485,12.5,87.5,77.5,2.5,N/A,N/A,N/A,N/A,N/A,37500,37500,82.5,87.5,77.5,62.5,62.5
Cl,B,B03,2014-2015,2015-2016,T,238,230,22.5,77.5,57.5,7.5,37.5,67.5,82.5,87.5,97.5,27500,32500,77.5,82.5,82.5,67.5,42.5
Cl,T,T10,2010-2011,2011-2012,T,239,321,22.5,77.5,67.5,7.5,17.5,37.5,67.5,87.5,97.5,47500,52500,77.5,72.5,77.5,N/A,52.5
Cl,T,T16,2013-2014,2014-2015,T,242,449,22.5,77.5,72.5,7.5,N/A,N/A,N/A,N/A,N/A,37500,37500,77.5,87.5,72.5,57.5,57.5
Cl,B,B03,2013-2014,2014-2015,T,243,284,12.5,87.5,67.5,17.5,N/A,N/A,N/A,N/A,N/A,32500,32500,72.5,82.5,77.5,62.5,47.5
Cl,B,B13,2014-2015,2015-2016,T,246,491,17.5,82.5,62.5,12.5,37.5,52.5,77.5,92.5,97.5,42500,47500,67.5,87.5,72.5,57.5,47.5
Cl,B,B13,2010-2011,2011-2012,T,249,496,12.5,87.5,82.5,7.5,27.5,52.5,62.5,87.5,97.5,42500,42500,77.5,87.5,77.5,N/A,67.5
Cl,B,B03,2010-2011,2011-2012,T,254,349,22.5,77.5,57.5,12.5,22.5,52.5,67.5,92.5,97.5,32500,32500,77.5,82.5,82.5,N/A,42.5
Cl,B,B03,2012-2013,2013-2014,T,256,310,22.5,82.5,62.5,12.5,N/A,N/A,N/A,N/A,N/A,32500,32500,77.5,87.5,82.5,62.5,37.5
Cl,A,A08,2011-2012,2012-2013,T,257,564,17.5,82.5,77.5,2.5,57.5,77.5,87.5,97.5,97.5,37500,37500,87.5,82.5,77.5,52.5,67.5
Cl,B,B03,2011-2012,2012-2013,T,264,331,17.5,82.5,62.5,17.5,27.5,52.5,67.5,82.5,97.5,27500,32500,72.5,82.5,82.5,62.5,42.5
Cl,T,T10,2011-2012,2012-2013,T,270,363,27.5,72.5,72.5,2.5,27.5,47.5,77.5,92.5,97.5,47500,57500,77.5,77.5,72.5,87.5,42.5
Cl,B,B13,2011-2012,2012-2013,T,276,532,22.5,77.5,72.5,2.5,32.5,52.5,72.5,92.5,97.5,42500,42500,82.5,87.5,72.5,52.5,57.5
Cl,T,T10,2014-2015,2015-2016,T,276,347,22.5,77.5,62.5,7.5,27.5,37.5,62.5,82.5,97.5,52500,57500,72.5,82.5,67.5,82.5,47.5
Cl,A,A08,2012-2013,2013-2014,T,278,460,17.5,82.5,72.5,2.5,N/A,N/A,N/A,N/A,N/A,37500,37500,82.5,87.5,72.5,57.5,62.5
Cl,T,T16,2011-2012,2012-2013,T,286,421,12.5,87.5,87.5,2.5,27.5,52.5,72.5,92.5,97.5,37500,37500,77.5,87.5,77.5,62.5,62.5
Cl,T,T10,2013-2014,2014-2015,T,290,309,17.5,82.5,72.5,2.5,N/A,N/A,N/A,N/A,N/A,52500,57500,82.5,72.5,72.5,77.5,57.5
Cl,T,T16,2014-2015,2015-2016,T,291,463,7.5,92.5,77.5,2.5,32.5,52.5,72.5,92.5,97.5,37500,37500,82.5,82.5,77.5,57.5,62.5
Cl,B,B13,2012-2013,2013-2014,T,292,510,17.5,82.5,72.5,7.5,N/A,N/A,N/A,N/A,N/A,37500,42500,77.5,87.5,72.5,62.5,52.5
Cl,T,T16,2010-2011,2011-2012,T,296,368,22.5,77.5,77.5,2.5,22.5,47.5,67.5,82.5,97.5,37500,42500,72.5,87.5,72.5,N/A,57.5
Cl,B,B13,2013-2014,2014-2015,T,305,427,17.5,82.5,72.5,7.5,N/A,N/A,N/A,N/A,N/A,37500,37500,77.5,82.5,72.5,57.5,57.5
Cl,A,A08,2014-2015,2015-2016,T,306,576,7.5,92.5,77.5,2.5,47.5,67.5,72.5,92.5,97.5,37500,37500,87.5,87.5,77.5,57.5,67.5
Cl,T,T13,2010-2011,2011-2012,T,308,368,12.5,87.5,82.5,2.5,17.5,42.5,67.5,92.5,97.5,37500,37500,87.5,77.5,77.5,N/A,62.5
Cl,A,A08,2010-2011,2011-2012,T,309,470,12.5,87.5,77.5,7.5,42.5,62.5,77.5,92.5,97.5,32500,37500,82.5,82.5,82.5,N/A,62.5
Cl,A,A08,2013-2014,2014-2015,T,340,511,7.5,92.5,77.5,7.5,N/A,N/A,N/A,N/A,N/A,37500,37500,87.5,82.5,77.5,57.5,67.5
Cl,T,T13,2011-2012,2012-2013,T,341,461,12.5,87.5,82.5,7.5,27.5,47.5,72.5,87.5,97.5,37500,37500,82.5,77.5,82.5,62.5,67.5
Cl,T,T10,2012-2013,2013-2014,T,343,286,17.5,82.5,72.5,7.5,N/A,N/A,N/A,N/A,N/A,47500,52500,77.5,77.5,72.5,77.5,52.5
Cl,T,T14,2012-2013,2013-2014,T,343,657,12.5,87.5,77.5,7.5,N/A,N/A,N/A,N/A,N/A,32500,37500,82.5,82.5,72.5,72.5,52.5
Cl,T,T14,2013-2014,2014-2015,T,357,792,12.5,87.5,72.5,7.5,N/A,N/A,N/A,N/A,N/A,32500,37500,72.5,77.5,72.5,72.5,47.5
Cl,T,T14,2010-2011,2011-2012,T,358,626,17.5,82.5,72.5,7.5,17.5,37.5,67.5,82.5,97.5,37500,37500,67.5,82.5,67.5,N/A,57.5
Cl,T,T14,2011-2012,2012-2013,T,361,648,17.5,82.5,72.5,2.5,12.5,42.5,67.5,87.5,97.5,32500,37500,77.5,82.5,72.5,67.5,47.5
Cl,T,T12,2012-2013,2013-2014,T,400,542,17.5,82.5,77.5,7.5,N/A,N/A,N/A,N/A,N/A,32500,37500,87.5,87.5,77.5,62.5,62.5
Cl,T,T12,2010-2011,2011-2012,T,428,671,12.5,87.5,82.5,7.5,27.5,47.5,72.5,87.5,97.5,32500,32500,82.5,92.5,82.5,N/A,57.5
Cl,T,T12,2013-2014,2014-2015,T,434,749,12.5,87.5,77.5,7.5,N/A,N/A,N/A,N/A,N/A,32500,32500,82.5,87.5,77.5,62.5,62.5
Cl,T,T14,2014-2015,2015-2016,T,453,820,17.5,82.5,67.5,7.5,7.5,17.5,57.5,77.5,97.5,32500,32500,72.5,82.5,67.5,72.5,37.5
Cl,T,T12,2014-2015,2015-2016,T,466,689,12.5,87.5,77.5,7.5,32.5,57.5,77.5,92.5,97.5,37500,37500,82.5,82.5,77.5,57.5,62.5
Cl,T,T12,2011-2012,2012-2013,T,473,597,12.5,87.5,82.5,7.5,27.5,57.5,77.5,87.5,97.5,32500,32500,82.5,87.5,82.5,57.5,62.5
Cl,T,T13,2012-2013,2013-2014,T,476,553,17.5,82.5,72.5,2.5,N/A,N/A,N/A,N/A,N/A,37500,37500,82.5,82.5,77.5,67.5,57.5
Cl,A,A02,2010-2011,2011-2012,T,581,1330,12.5,87.5,52.5,27.5,27.5,42.5,57.5,82.5,97.5,22500,27500,77.5,72.5,77.5,N/A,17.5
Cl,A,A02,2013-2014,2014-2015,T,590,1380,12.5,87.5,52.5,32.5,N/A,N/A,N/A,N/A,N/A,27500,32500,77.5,77.5,72.5,67.5,22.5
Cl,A,A02,2011-2012,2012-2013,T,599,1222,12.5,87.5,57.5,27.5,27.5,42.5,57.5,77.5,97.5,22500,27500,77.5,72.5,77.5,62.5,17.5
Cl,H,H02,2011-2012,2012-2013,T,600,916,7.5,92.5,67.5,22.5,32.5,57.5,77.5,87.5,97.5,27500,27500,82.5,82.5,77.5,77.5,57.5
Cl,H,H02,2010-2011,2011-2012,T,609,920,12.5,87.5,72.5,12.5,37.5,57.5,77.5,87.5,97.5,27500,27500,87.5,82.5,77.5,N/A,57.5
Cl,T,T13,2013-2014,2014-2015,T,609,686,12.5,87.5,77.5,7.5,N/A,N/A,N/A,N/A,N/A,37500,37500,82.5,77.5,77.5,62.5,57.5
Cl,A,A02,2012-2013,2013-2014,T,622,1246,17.5,82.5,47.5,32.5,N/A,N/A,N/A,N/A,N/A,27500,32500,82.5,77.5,72.5,62.5,17.5
Cl,A,A14,2011-2012,2012-2013,T,635,971,12.5,87.5,52.5,32.5,47.5,57.5,77.5,87.5,97.5,32500,37500,87.5,82.5,87.5,67.5,47.5
Cl,A,A16,2010-2011,2011-2012,T,644,821,12.5,87.5,72.5,12.5,32.5,47.5,67.5,87.5,97.5,37500,37500,82.5,82.5,77.5,N/A,57.5
Cl,A,A02,2014-2015,2015-2016,T,657,1409,12.5,87.5,47.5,32.5,37.5,47.5,52.5,82.5,97.5,27500,27500,77.5,77.5,72.5,62.5,17.5
Cl,T,T19,2014-2015,2015-2016,T,666,653,7.5,92.5,72.5,12.5,27.5,52.5,72.5,92.5,97.5,32500,37500,77.5,82.5,77.5,77.5,32.5
Cl,A,A14,2010-2011,2011-2012,T,681,946,12.5,87.5,52.5,32.5,42.5,52.5,72.5,92.5,97.5,32500,32500,87.5,82.5,82.5,N/A,42.5
Cl,A,A14,2012-2013,2013-2014,T,688,1028,17.5,82.5,47.5,27.5,N/A,N/A,N/A,N/A,N/A,32500,37500,87.5,82.5,82.5,72.5,42.5
Cl,H,H02,2014-2015,2015-2016,T,699,919,12.5,87.5,62.5,17.5,37.5,52.5,77.5,92.5,97.5,27500,27500,82.5,82.5,82.5,82.5,52.5
Cl,H,H02,2012-2013,2013-2014,T,703,924,12.5,87.5,67.5,17.5,N/A,N/A,N/A,N/A,N/A,27500,27500,87.5,82.5,77.5,77.5,52.5
Cl,H,H02,2013-2014,2014-2015,T,707,921,12.5,87.5,67.5,17.5,N/A,N/A,N/A,N/A,N/A,27500,27500,87.5,77.5,82.5,77.5,52.5
Cl,T,T19,2013-2014,2014-2015,T,715,578,7.5,92.5,77.5,12.5,N/A,N/A,N/A,N/A,N/A,37500,37500,77.5,77.5,77.5,77.5,37.5
Cl,T,T01,2010-2011,2011-2012,T,718,1708,17.5,82.5,77.5,2.5,27.5,57.5,72.5,92.5,97.5,37500,37500,77.5,77.5,72.5,N/A,62.5
Cl,A,A14,2013-2014,2014-2015,T,748,1054,17.5,82.5,47.5,27.5,N/A,N/A,N/A,N/A,N/A,32500,37500,87.5,82.5,82.5,77.5,42.5
Cl,T,T01,2014-2015,2015-2016,T,754,1762,17.5,82.5,67.5,7.5,22.5,47.5,72.5,92.5,97.5,37500,37500,82.5,77.5,72.5,57.5,52.5
Cl,T,T13,2014-2015,2015-2016,T,767,700,12.5,87.5,77.5,2.5,32.5,47.5,72.5,87.5,97.5,37500,37500,82.5,77.5,77.5,72.5,52.5
Cl,T,T19,2012-2013,2013-2014,T,768,693,12.5,87.5,67.5,12.5,N/A,N/A,N/A,N/A,N/A,37500,37500,82.5,77.5,77.5,82.5,22.5
Cl,T,T19,2011-2012,2012-2013,T,774,651,12.5,87.5,77.5,12.5,22.5,47.5,67.5,87.5,97.5,37500,37500,72.5,82.5,77.5,82.5,27.5
Cl,A,A16,2011-2012,2012-2013,T,788,807,12.5,87.5,77.5,12.5,27.5,42.5,62.5,87.5,97.5,32500,37500,77.5,87.5,77.5,87.5,57.5
Cl,A,A16,2012-2013,2013-2014,T,793,858,17.5,82.5,67.5,12.5,N/A,N/A,N/A,N/A,N/A,32500,37500,77.5,87.5,72.5,87.5,52.5
Cl,T,T19,2010-2011,2011-2012,T,794,641,12.5,87.5,77.5,12.5,27.5,42.5,72.5,92.5,97.5,32500,37500,77.5,87.5,77.5,N/A,22.5
Cl,T,T01,2012-2013,2013-2014,T,810,1526,12.5,87.5,77.5,7.5,N/A,N/A,N/A,N/A,N/A,37500,37500,72.5,77.5,77.5,57.5,57.5
Cl,T,T01,2013-2014,2014-2015,T,813,1695,17.5,82.5,72.5,2.5,N/A,N/A,N/A,N/A,N/A,37500,42500,77.5,77.5,72.5,62.5,62.5
Cl,A,A14,2014-2015,2015-2016,T,818,1101,17.5,82.5,47.5,27.5,47.5,57.5,72.5,92.5,97.5,37500,37500,87.5,82.5,82.5,72.5,42.5
Cl,T,T01,2011-2012,2012-2013,T,830,1540,17.5,82.5,72.5,7.5,32.5,57.5,77.5,92.5,97.5,37500,37500,77.5,72.5,72.5,57.5,62.5
Cl,T,T02,2010-2011,2011-2012,T,853,893,17.5,82.5,77.5,2.5,32.5,52.5,67.5,87.5,97.5,32500,32500,77.5,82.5,82.5,N/A,57.5
Cl,B,B02,2010-2011,2011-2012,T,875,1179,22.5,77.5,52.5,22.5,22.5,42.5,67.5,92.5,97.5,32500,32500,77.5,87.5,82.5,N/A,37.5
Cl,A,A16,2013-2014,2014-2015,T,876,994,12.5,87.5,72.5,12.5,N/A,N/A,N/A,N/A,N/A,37500,37500,77.5,87.5,72.5,87.5,52.5
Cl,T,T02,2011-2012,2012-2013,T,888,1086,12.5,87.5,77.5,2.5,37.5,52.5,72.5,87.5,97.5,32500,32500,82.5,82.5,77.5,57.5,62.5
Cl,T,T02,2012-2013,2013-2014,T,893,1222,12.5,87.5,77.5,2.5,N/A,N/A,N/A,N/A,N/A,32500,32500,82.5,82.5,77.5,62.5,62.5
Cl,T,T02,2013-2014,2014-2015,T,916,1194,12.5,87.5,82.5,2.5,N/A,N/A,N/A,N/A,N/A,37500,37500,82.5,82.5,77.5,57.5,67.5
Cl,B,B02,2011-2012,2012-2013,T,951,1175,22.5,77.5,52.5,22.5,27.5,42.5,67.5,87.5,97.5,32500,32500,77.5,87.5,82.5,67.5,32.5
Cl,A,A16,2014-2015,2015-2016,T,990,984,17.5,82.5,62.5,12.5,27.5,47.5,67.5,87.5,97.5,37500,37500,72.5,87.5,77.5,87.5,47.5
Cl,T,T02,2014-2015,2015-2016,T,1044,1554,12.5,87.5,72.5,7.5,32.5,47.5,72.5,87.5,97.5,32500,37500,82.5,82.5,77.5,62.5,57.5
Cl,B,B02,2012-2013,2013-2014,T,1048,1275,17.5,82.5,52.5,22.5,N/A,N/A,N/A,N/A,N/A,32500,32500,77.5,92.5,77.5,72.5,32.5
Cl,B,B01,2010-2011,2011-2012,T,1056,1896,22.5,77.5,67.5,7.5,27.5,47.5,67.5,87.5,97.5,37500,42500,77.5,87.5,72.5,N/A,57.5
Cl,H,H01,2011-2012,2012-2013,T,1058,1411,7.5,92.5,72.5,17.5,42.5,57.5,77.5,92.5,97.5,47500,52500,82.5,92.5,77.5,77.5,57.5
Cl,A,A05,2011-2012,2012-2013,T,1070,1336,22.5,77.5,47.5,27.5,27.5,42.5,62.5,92.5,97.5,27500,27500,77.5,42.5,77.5,62.5,17.5
Cl,H,H01,2010-2011,2011-2012,T,1073,1359,7.5,92.5,72.5,17.5,37.5,62.5,77.5,87.5,97.5,47500,47500,77.5,92.5,77.5,N/A,52.5
Cl,A,A05,2010-2011,2011-2012,T,1079,1296,22.5,77.5,52.5,22.5,27.5,47.5,57.5,92.5,97.5,27500,32500,82.5,42.5,77.5,N/A,17.5
Cl,B,B02,2014-2015,2015-2016,T,1079,1519,17.5,82.5,57.5,22.5,22.5,37.5,72.5,92.5,97.5,32500,32500,77.5,87.5,82.5,77.5,42.5
Cl,H,H01,2012-2013,2013-2014,T,1098,1390,12.5,87.5,67.5,17.5,N/A,N/A,N/A,N/A,N/A,42500,47500,77.5,92.5,77.5,67.5,47.5
Cl,H,H01,2014-2015,2015-2016,T,1098,1420,7.5,92.5,67.5,17.5,32.5,52.5,72.5,92.5,97.5,47500,52500,82.5,87.5,77.5,72.5,52.5
Cl,H,H01,2013-2014,2014-2015,T,1184,1314,7.5,92.5,67.5,17.5,N/A,N/A,N/A,N/A,N/A,47500,52500,82.5,92.5,82.5,72.5,52.5
Cl,B,B02,2013-2014,2014-2015,T,1118,1334,22.5,77.5,52.5,22.5,N/A,N/A,N/A,N/A,N/A,32500,32500,77.5,87.5,82.5,72.5,37.5
Cl,B,B01,2011-2012,2012-2013,T,1119,2171,22.5,77.5,67.5,7.5,27.5,47.5,72.5,92.5,97.5,37500,42500,77.5,87.5,72.5,57.5,57.5
Cl,A,A03,2010-2011,2011-2012,T,1136,1683,12.5,87.5,62.5,22.5,37.5,52.5,67.5,87.5,97.5,27500,27500,77.5,82.5,72.5,N/A,47.5
Cl,A,A03,2011-2012,2012-2013,T,1136,1667,12.5,87.5,62.5,22.5,37.5,57.5,77.5,87.5,97.5,22500,22500,77.5,82.5,77.5,62.5,47.5
Cl,A,A13,2010-2011,2011-2012,T,1138,2684,7.5,92.5,62.5,27.5,37.5,52.5,67.5,87.5,97.5,32500,32500,82.5,77.5,82.5,N/A,47.5
Cl,A,A05,2012-2013,2013-2014,T,1140,1306,17.5,82.5,47.5,27.5,N/A,N/A,N/A,N/A,N/A,27500,27500,82.5,42.5,77.5,62.5,17.5
Cl,B,B16,2010-2011,2011-2012,T,1141,1816,17.5,82.5,67.5,12.5,27.5,42.5,57.5,82.5,97.5,27500,27500,72.5,82.5,77.5,N/A,37.5
Cl,A,A03,2012-2013,2013-2014,T,1191,1675,12.5,87.5,57.5,22.5,N/A,N/A,N/A,N/A,N/A,27500,27500,77.5,87.5,72.5,62.5,42.5
Cl,T,T03,2010-2011,2011-2012,T,1193,1809,22.5,77.5,67.5,12.5,27.5,47.5,67.5,87.5,97.5,32500,37500,67.5,77.5,77.5,N/A,42.5
Cl,A,A05,2013-2014,2014-2015,T,1194,1281,22.5,77.5,42.5,32.5,N/A,N/A,N/A,N/A,N/A,27500,27500,77.5,42.5,77.5,62.5,17.5
Cl,A,A05,2014-2015,2015-2016,T,1195,1345,22.5,77.5,42.5,27.5,22.5,42.5,57.5,82.5,97.5,27500,32500,77.5,47.5,77.5,62.5,17.5
Cl,A,A13,2012-2013,2013-2014,T,1207,3089,7.5,92.5,57.5,27.5,N/A,N/A,N/A,N/A,N/A,32500,32500,82.5,77.5,77.5,67.5,42.5
Cl,A,A13,2011-2012,2012-2013,T,1213,3007,7.5,92.5,62.5,22.5,32.5,47.5,67.5,87.5,97.5,32500,32500,87.5,77.5,77.5,62.5,47.5
Cl,T,T11,2010-2011,2011-2012,T,1218,2054,27.5,72.5,62.5,7.5,32.5,52.5,72.5,92.5,97.5,37500,42500,72.5,72.5,77.5,N/A,42.5
Cl,A,A03,2013-2014,2014-2015,T,1223,1669,17.5,82.5,57.5,22.5,N/A,N/A,N/A,N/A,N/A,27500,27500,67.5,82.5,72.5,62.5,42.5
Cl,B,B16,2011-2012,2012-2013,T,1227,1840,17.5,82.5,62.5,17.5,32.5,47.5,62.5,82.5,97.5,27500,27500,72.5,82.5,77.5,62.5,37.5
Cl,T,T11,2011-2012,2012-2013,T,1268,1877,22.5,77.5,67.5,7.5,27.5,52.5,67.5,87.5,97.5,37500,42500,72.5,72.5,82.5,67.5,42.5
Cl,B,B15,2010-2011,2011-2012,T,1271,1930,22.5,77.5,67.5,12.5,22.5,42.5,67.5,82.5,97.5,32500,32500,72.5,82.5,72.5,N/A,47.5
Cl,T,T11,2012-2013,2013-2014,T,1271,1792,22.5,77.5,67.5,7.5,N/A,N/A,N/A,N/A,N/A,37500,42500,77.5,67.5,82.5,72.5,37.5
Cl,B,B16,2012-2013,2013-2014,T,1279,1644,17.5,82.5,62.5,17.5,N/A,N/A,N/A,N/A,N/A,27500,27500,72.5,87.5,77.5,62.5,37.5
Cl,B,B01,2012-2013,2013-2014,T,1281,2241,22.5,77.5,67.5,7.5,N/A,N/A,N/A,N/A,N/A,37500,42500,77.5,87.5,72.5,52.5,52.5
Cl,T,T11,2014-2015,2015-2016,T,1297,2024,17.5,82.5,62.5,7.5,27.5,52.5,72.5,87.5,97.5,37500,42500,77.5,72.5,82.5,67.5,42.5
Cl,T,T03,2011-2012,2012-2013,T,1304,2089,22.5,77.5,67.5,12.5,27.5,47.5,67.5,87.5,97.5,32500,37500,72.5,82.5,77.5,62.5,42.5
Cl,B,B04,2012-2013,2013-2014,T,1308,1145,22.5,77.5,57.5,17.5,N/A,N/A,N/A,N/A,N/A,27500,32500,77.5,77.5,82.5,72.5,37.5
Cl,A,A03,2014-2015,2015-2016,T,1344,1634,17.5,82.5,57.5,22.5,32.5,52.5,67.5,87.5,97.5,27500,27500,77.5,82.5,77.5,62.5,37.5
Cl,T,T11,2013-2014,2014-2015,T,1354,1914,17.5,82.5,67.5,12.5,N/A,N/A,N/A,N/A,N/A,37500,42500,77.5,72.5,82.5,72.5,42.5
Cl,B,B04,2010-2011,2011-2012,T,1360,1287,22.5,77.5,57.5,17.5,22.5,42.5,67.5,87.5,97.5,27500,32500,82.5,72.5,82.5,N/A,42.5
Cl,A,A13,2013-2014,2014-2015,T,1370,2864,7.5,92.5,62.5,27.5,N/A,N/A,N/A,N/A,N/A,32500,32500,87.5,77.5,77.5,67.5,47.5
Cl,B,B04,2014-2015,2015-2016,T,1377,1092,22.5,77.5,57.5,17.5,37.5,57.5,72.5,87.5,97.5,32500,32500,82.5,67.5,82.5,72.5,37.5
Cl,B,B04,2011-2012,2012-2013,T,1386,1320,22.5,77.5,57.5,17.5,22.5,37.5,62.5,87.5,97.5,27500,32500,77.5,72.5,82.5,72.5,37.5
Cl,B,B01,2013-2014,2014-2015,T,1401,2415,22.5,77.5,67.5,7.5,N/A,N/A,N/A,N/A,N/A,37500,42500,77.5,92.5,72.5,52.5,57.5
Cl,B,B15,2012-2013,2013-2014,T,1407,2186,22.5,77.5,62.5,12.5,N/A,N/A,N/A,N/A,N/A,32500,37500,72.5,82.5,72.5,67.5,42.5
Cl,T,T03,2012-2013,2013-2014,T,1409,2101,27.5,72.5,62.5,7.5,N/A,N/A,N/A,N/A,N/A,32500,37500,72.5,82.5,77.5,62.5,37.5
Cl,B,B15,2011-2012,2012-2013,T,1429,2083,22.5,77.5,62.5,12.5,32.5,52.5,72.5,87.5,97.5,32500,37500,72.5,77.5,72.5,62.5,47.5
Cl,A,A15,2011-2012,2012-2013,T,1438,2836,12.5,87.5,62.5,22.5,42.5,57.5,72.5,87.5,97.5,32500,32500,82.5,72.5,77.5,67.5,42.5
Cl,A,A15,2010-2011,2011-2012,T,1439,2495,12.5,87.5,57.5,27.5,37.5,52.5,67.5,87.5,97.5,32500,32500,77.5,72.5,77.5,N/A,37.5
Cl,B,B04,2013-2014,2014-2015,T,1448,1157,17.5,82.5,57.5,17.5,N/A,N/A,N/A,N/A,N/A,32500,32500,82.5,67.5,82.5,72.5,42.5
Cl,B,B01,2014-2015,2015-2016,T,1484,2856,22.5,77.5,67.5,7.5,22.5,47.5,67.5,87.5,97.5,42500,42500,77.5,87.5,72.5,57.5,52.5
Cl,T,T03,2014-2015,2015-2016,T,1527,2409,27.5,72.5,57.5,12.5,27.5,42.5,62.5,82.5,97.5,37500,37500,72.5,82.5,77.5,67.5,37.5
Cl,B,B16,2013-2014,2014-2015,T,1531,1704,17.5,82.5,62.5,17.5,N/A,N/A,N/A,N/A,N/A,27500,32500,67.5,82.5,77.5,67.5,32.5
Cl,T,T03,2013-2014,2014-2015,T,1536,2104,27.5,72.5,62.5,12.5,N/A,N/A,N/A,N/A,N/A,32500,37500,72.5,77.5,77.5,62.5,37.5
Cl,B,B16,2014-2015,2015-2016,T,1564,1758,17.5,82.5,57.5,12.5,32.5,42.5,62.5,82.5,97.5,27500,32500,72.5,82.5,77.5,67.5,32.5
Cl,A,A13,2014-2015,2015-2016,T,1571,2867,7.5,92.5,57.5,27.5,32.5,52.5,62.5,92.5,97.5,32500,32500,87.5,77.5,82.5,67.5,42.5
Cl,A,A15,2012-2013,2013-2014,T,1640,2730,12.5,87.5,57.5,27.5,N/A,N/A,N/A,N/A,N/A,32500,32500,77.5,77.5,77.5,67.5,32.5
Cl,B,B05,2010-2011,2011-2012,T,1737,2111,12.5,87.5,67.5,17.5,42.5,57.5,72.5,87.5,97.5,27500,27500,87.5,72.5,77.5,N/A,52.5
Cl,B,B17,2010-2011,2011-2012,T,1763,2364,17.5,82.5,62.5,22.5,47.5,62.5,72.5,92.5,97.5,27500,27500,77.5,77.5,77.5,N/A,42.5
Cl,B,B15,2013-2014,2014-2015,T,1767,2082,22.5,77.5,57.5,12.5,N/A,N/A,N/A,N/A,N/A,32500,32500,72.5,82.5,72.5,67.5,37.5
Cl,B,B11,2010-2011,2011-2012,T,1783,1791,22.5,77.5,67.5,12.5,37.5,52.5,67.5,87.5,97.5,32500,37500,67.5,87.5,77.5,N/A,42.5
Cl,B,B15,2014-2015,2015-2016,T,1856,2283,22.5,77.5,57.5,12.5,27.5,47.5,67.5,87.5,97.5,32500,37500,67.5,82.5,72.5,67.5,37.5
Cl,B,B11,2011-2012,2012-2013,T,1865,1928,22.5,77.5,67.5,12.5,37.5,52.5,72.5,87.5,97.5,32500,37500,72.5,82.5,77.5,77.5,47.5
Cl,A,A15,2013-2014,2014-2015,T,1946,2837,12.5,87.5,57.5,27.5,N/A,N/A,N/A,N/A,N/A,32500,32500,77.5,77.5,77.5,67.5,37.5
Cl,A,A04,2012-2013,2013-2014,T,1963,3974,17.5,82.5,62.5,17.5,N/A,N/A,N/A,N/A,N/A,32500,32500,77.5,87.5,77.5,62.5,47.5
Cl,T,T04,2011-2012,2012-2013,T,1979,3691,12.5,87.5,82.5,7.5,27.5,57.5,72.5,92.5,97.5,42500,42500,77.5,77.5,77.5,62.5,62.5
Cl,T,T04,2010-2011,2011-2012,T,1980,3626,17.5,82.5,77.5,2.5,27.5,52.5,72.5,87.5,97.5,37500,42500,77.5,77.5,72.5,N/A,62.5
Cl,B,B17,2011-2012,2012-2013,T,1994,2515,17.5,82.5,62.5,22.5,37.5,52.5,72.5,87.5,97.5,27500,27500,77.5,82.5,77.5,62.5,47.5
Cl,A,A04,2010-2011,2011-2012,T,2002,4145,17.5,82.5,67.5,12.5,32.5,47.5,67.5,87.5,97.5,32500,32500,72.5,87.5,77.5,N/A,47.5
Cl,B,B05,2011-2012,2012-2013,T,2012,1931,12.5,87.5,72.5,12.5,42.5,52.5,67.5,87.5,97.5,27500,27500,87.5,72.5,77.5,57.5,57.5
Cl,A,A04,2011-2012,2012-2013,T,2032,4315,17.5,82.5,67.5,17.5,32.5,47.5,62.5,82.5,97.5,32500,32500,77.5,82.5,77.5,67.5,47.5
Cl,B,B11,2012-2013,2013-2014,T,2043,2017,17.5,82.5,62.5,12.5,N/A,N/A,N/A,N/A,N/A,37500,37500,72.5,82.5,72.5,77.5,42.5
Cl,A,A15,2014-2015,2015-2016,T,2046,3189,12.5,87.5,52.5,27.5,37.5,52.5,72.5,87.5,97.5,32500,32500,82.5,77.5,77.5,67.5,37.5
Cl,B,B05,2012-2013,2013-2014,T,2112,2279,12.5,87.5,67.5,12.5,N/A,N/A,N/A,N/A,N/A,27500,27500,87.5,72.5,77.5,57.5,57.5
Cl,A,A04,2013-2014,2014-2015,T,2112,4227,17.5,82.5,67.5,17.5,N/A,N/A,N/A,N/A,N/A,32500,32500,72.5,87.5,77.5,67.5,47.5
Cl,B,B12,2011-2012,2012-2013,T,2136,3025,17.5,82.5,67.5,12.5,32.5,47.5,67.5,87.5,97.5,32500,32500,77.5,77.5,77.5,57.5,47.5
Cl,B,B11,2013-2014,2014-2015,T,2188,2061,17.5,82.5,67.5,7.5,N/A,N/A,N/A,N/A,N/A,37500,37500,72.5,82.5,77.5,77.5,47.5
Cl,B,B12,2010-2011,2011-2012,T,2189,3097,12.5,87.5,72.5,12.5,32.5,52.5,67.5,87.5,97.5,32500,32500,72.5,72.5,77.5,N/A,52.5
Cl,T,T04,2012-2013,2013-2014,T,2193,3568,12.5,87.5,77.5,2.5,N/A,N/A,N/A,N/A,N/A,42500,42500,82.5,77.5,72.5,62.5,62.5
Cl,B,B05,2013-2014,2014-2015,T,2218,2365,12.5,87.5,72.5,12.5,N/A,N/A,N/A,N/A,N/A,27500,27500,87.5,72.5,77.5,62.5,62.5
Cl,A,A04,2014-2015,2015-2016,T,2221,4140,17.5,82.5,62.5,17.5,27.5,47.5,62.5,87.5,97.5,32500,32500,77.5,87.5,77.5,67.5,47.5
Cl,H,H03,2010-2011,2011-2012,T,2233,4110,12.5,87.5,57.5,32.5,27.5,47.5,67.5,87.5,97.5,37500,42500,82.5,87.5,82.5,N/A,42.5
Cl,B,B17,2012-2013,2013-2014,T,2247,2410,17.5,82.5,57.5,17.5,N/A,N/A,N/A,N/A,N/A,27500,27500,82.5,82.5,77.5,57.5,42.5
Cl,B,B12,2012-2013,2013-2014,T,2273,3033,17.5,82.5,67.5,12.5,N/A,N/A,N/A,N/A,N/A,32500,32500,72.5,77.5,72.5,62.5,47.5
Cl,B,B05,2014-2015,2015-2016,T,2275,2747,12.5,87.5,67.5,12.5,42.5,52.5,72.5,87.5,97.5,27500,27500,87.5,77.5,77.5,62.5,57.5
Cl,B,B11,2014-2015,2015-2016,T,2331,2315,17.5,82.5,67.5,12.5,37.5,52.5,72.5,87.5,97.5,37500,37500,77.5,82.5,72.5,77.5,47.5
Cl,T,T04,2013-2014,2014-2015,T,2341,3883,12.5,87.5,77.5,7.5,N/A,N/A,N/A,N/A,N/A,42500,42500,82.5,77.5,72.5,62.5,62.5
Cl,B,B12,2013-2014,2014-2015,T,2392,3081,12.5,87.5,67.5,12.5,N/A,N/A,N/A,N/A,N/A,32500,37500,72.5,77.5,77.5,62.5,47.5
Cl,B,B17,2014-2015,2015-2016,T,2393,2416,22.5,77.5,57.5,17.5,37.5,52.5,67.5,87.5,97.5,27500,27500,77.5,77.5,77.5,62.5,42.5
Cl,B,B17,2013-2014,2014-2015,T,2402,2470,17.5,82.5,62.5,22.5,N/A,N/A,N/A,N/A,N/A,27500,27500,82.5,77.5,72.5,62.5,42.5
Cl,T,T09,2011-2012,2012-2013,T,2439,4196,17.5,82.5,77.5,7.5,22.5,47.5,67.5,87.5,97.5,37500,42500,77.5,82.5,77.5,62.5,57.5
Cl,B,B12,2014-2015,2015-2016,T,2473,3315,17.5,82.5,67.5,7.5,32.5,47.5,67.5,87.5,97.5,32500,37500,72.5,77.5,72.5,62.5,47.5
Cl,T,T09,2010-2011,2011-2012,T,2484,3864,17.5,82.5,77.5,7.5,27.5,47.5,72.5,87.5,97.5,37500,42500,72.5,82.5,72.5,N/A,57.5
Cl,T,T04,2014-2015,2015-2016,T,2507,4008,12.5,87.5,77.5,2.5,37.5,57.5,72.5,87.5,97.5,42500,42500,77.5,77.5,72.5,62.5,62.5
Cl,H,H03,2012-2013,2013-2014,T,2521,4589,12.5,87.5,57.5,27.5,N/A,N/A,N/A,N/A,N/A,37500,37500,87.5,87.5,82.5,77.5,47.5
Cl,H,H03,2011-2012,2012-2013,T,2582,4404,12.5,87.5,57.5,27.5,32.5,47.5,72.5,92.5,97.5,37500,37500,82.5,87.5,82.5,77.5,47.5
Cl,T,T09,2012-2013,2013-2014,T,2719,4456,17.5,82.5,72.5,7.5,N/A,N/A,N/A,N/A,N/A,37500,42500,77.5,82.5,72.5,62.5,52.5
Cl,H,H03,2013-2014,2014-2015,T,2858,4730,12.5,87.5,57.5,27.5,N/A,N/A,N/A,N/A,N/A,37500,42500,82.5,87.5,82.5,77.5,47.5
Cl,H,H03,2014-2015,2015-2016,T,2955,4994,12.5,87.5,57.5,27.5,32.5,42.5,67.5,87.5,97.5,37500,42500,82.5,87.5,82.5,77.5,47.5
Cl,T,T09,2013-2014,2014-2015,T,3271,4991,17.5,82.5,72.5,7.5,N/A,N/A,N/A,N/A,N/A,37500,37500,77.5,82.5,72.5,62.5,57.5
Cl,T,T09,2014-2015,2015-2016,T,3505,5989,17.5,82.5,67.5,2.5,22.5,47.5,67.5,87.5,97.5,37500,42500,77.5,77.5,72.5,62.5,52.5
Cl,A,A01,2010-2011,2011-2012,T,3710,6777,17.5,82.5,57.5,22.5,27.5,42.5,62.5,82.5,97.5,32500,32500,72.5,77.5,77.5,N/A,37.5
Cl,A,A12,2010-2011,2011-2012,T,3715,4635,12.5,87.5,67.5,22.5,37.5,52.5,67.5,92.5,97.5,27500,27500,92.5,77.5,82.5,N/A,57.5
Cl,T,T06,2010-2011,2011-2012,T,3755,6475,17.5,82.5,77.5,7.5,22.5,42.5,67.5,87.5,97.5,37500,42500,72.5,82.5,72.5,N/A,57.5
Cl,A,A17,2010-2011,2011-2012,T,3785,4166,22.5,77.5,52.5,22.5,32.5,47.5,67.5,87.5,97.5,32500,37500,72.5,77.5,77.5,N/A,37.5
Cl,A,A01,2011-2012,2012-2013,T,3801,6785,17.5,82.5,57.5,22.5,27.5,42.5,62.5,82.5,97.5,32500,37500,77.5,77.5,77.5,67.5,37.5
Cl,A,A17,2011-2012,2012-2013,T,3907,4302,22.5,77.5,52.5,22.5,37.5,47.5,67.5,87.5,97.5,32500,37500,72.5,77.5,77.5,72.5,37.5
Cl,B,B07,2010-2011,2011-2012,T,3939,5609,27.5,72.5,62.5,12.5,32.5,47.5,67.5,87.5,97.5,32500,32500,77.5,72.5,77.5,N/A,42.5
Cl,B,B07,2011-2012,2012-2013,T,3970,5564,27.5,72.5,62.5,12.5,32.5,47.5,67.5,87.5,97.5,32500,32500,77.5,77.5,77.5,57.5,42.5
Cl,A,A12,2011-2012,2012-2013,T,3988,4616,12.5,87.5,62.5,22.5,37.5,47.5,67.5,92.5,97.5,27500,32500,92.5,82.5,82.5,67.5,52.5
Cl,A,A17,2012-2013,2013-2014,T,3995,4461,17.5,82.5,52.5,27.5,N/A,N/A,N/A,N/A,N/A,32500,37500,72.5,77.5,77.5,72.5,32.5
Cl,A,A01,2012-2013,2013-2014,T,4038,6726,17.5,82.5,57.5,22.5,N/A,N/A,N/A,N/A,N/A,32500,32500,72.5,77.5,77.5,67.5,32.5
Cl,T,T06,2011-2012,2012-2013,T,4043,7071,17.5,82.5,72.5,7.5,22.5,42.5,67.5,87.5,97.5,37500,42500,72.5,82.5,72.5,57.5,52.5
Cl,A,A01,2013-2014,2014-2015,T,4099,7212,17.5,82.5,57.5,22.5,N/A,N/A,N/A,N/A,N/A,32500,37500,77.5,77.5,77.5,67.5,32.5
Cl,A,A17,2013-2014,2014-2015,T,4266,4773,17.5,82.5,52.5,22.5,N/A,N/A,N/A,N/A,N/A,32500,37500,77.5,77.5,77.5,77.5,32.5
Cl,B,B07,2014-2015,2015-2016,T,4270,5336,22.5,77.5,57.5,12.5,27.5,42.5,67.5,87.5,97.5,32500,32500,77.5,72.5,77.5,57.5,42.5
Cl,B,B07,2013-2014,2014-2015,T,4316,5521,27.5,72.5,57.5,12.5,N/A,N/A,N/A,N/A,N/A,32500,32500,82.5,72.5,77.5,57.5,42.5
Cl,B,B07,2012-2013,2013-2014,T,4367,5759,27.5,72.5,57.5,12.5,N/A,N/A,N/A,N/A,N/A,32500,32500,77.5,77.5,77.5,57.5,42.5
Cl,A,A01,2014-2015,2015-2016,T,4369,7138,17.5,82.5,52.5,22.5,27.5,42.5,67.5,87.5,97.5,32500,37500,72.5,77.5,77.5,67.5,32.5
Cl,A,A17,2014-2015,2015-2016,T,4449,4810,17.5,82.5,52.5,22.5,37.5,52.5,72.5,92.5,97.5,32500,37500,77.5,72.5,77.5,72.5,32.5
Cl,T,T06,2012-2013,2013-2014,T,4493,6860,22.5,77.5,67.5,7.5,N/A,N/A,N/A,N/A,N/A,37500,42500,77.5,82.5,72.5,57.5,47.5
Cl,B,B06,2010-2011,2011-2012,T,4505,5659,22.5,77.5,62.5,7.5,37.5,47.5,67.5,87.5,97.5,32500,32500,72.5,77.5,72.5,N/A,42.5
Cl,A,A12,2012-2013,2013-2014,T,4579,4926,7.5,92.5,62.5,22.5,N/A,N/A,N/A,N/A,N/A,32500,32500,92.5,82.5,82.5,67.5,52.5
Cl,A,A10,2010-2011,2011-2012,T,4676,7359,17.5,82.5,67.5,12.5,37.5,47.5,67.5,87.5,97.5,32500,32500,77.5,72.5,82.5,N/A,27.5
Cl,T,T06,2013-2014,2014-2015,T,4738,8134,17.5,82.5,72.5,7.5,N/A,N/A,N/A,N/A,N/A,37500,42500,72.5,77.5,72.5,57.5,52.5
Cl,A,A10,2014-2015,2015-2016,T,4781,6190,12.5,87.5,62.5,12.5,42.5,52.5,67.5,87.5,97.5,32500,32500,82.5,67.5,77.5,62.5,27.5
Cl,B,B06,2014-2015,2015-2016,T,7034,7653,22.5,77.5,62.5,12.5,37.5,47.5,67.5,87.5,97.5,32500,37500,77.5,72.5,72.5,57.5,42.5
Cl,A,A10,2012-2013,2013-2014,T,4783,6451,12.5,87.5,62.5,17.5,N/A,N/A,N/A,N/A,N/A,32500,32500,77.5,72.5,77.5,62.5,27.5
Cl,A,A12,2013-2014,2014-2015,T,4800,4876,7.5,92.5,62.5,22.5,N/A,N/A,N/A,N/A,N/A,32500,32500,92.5,82.5,82.5,72.5,57.5
Cl,A,A10,2013-2014,2014-2015,T,4856,5850,12.5,87.5,72.5,12.5,N/A,N/A,N/A,N/A,N/A,32500,32500,77.5,67.5,77.5,62.5,32.5
Cl,A,A10,2011-2012,2012-2013,T,4868,7049,12.5,87.5,67.5,17.5,37.5,47.5,67.5,87.5,97.5,27500,32500,77.5,72.5,77.5,62.5,27.5
Cl,B,B06,2011-2012,2012-2013,T,4987,5868,22.5,77.5,67.5,7.5,37.5,47.5,72.5,87.5,97.5,32500,32500,77.5,77.5,72.5,52.5,47.5
Cl,T,T06,2014-2015,2015-2016,T,5037,8759,22.5,77.5,67.5,7.5,22.5,42.5,62.5,82.5,97.5,37500,42500,72.5,82.5,72.5,57.5,47.5
Cl,A,A12,2014-2015,2015-2016,T,5117,5020,7.5,92.5,62.5,22.5,37.5,57.5,72.5,92.5,97.5,32500,32500,92.5,82.5,82.5,72.5,57.5
Cl,B,B06,2012-2013,2013-2014,T,5525,5793,22.5,77.5,62.5,7.5,N/A,N/A,N/A,N/A,N/A,32500,32500,77.5,77.5,72.5,57.5,42.5
Cl,H,H04,2010-2011,2011-2012,T,5718,4796,12.5,87.5,57.5,27.5,32.5,47.5,72.5,87.5,97.5,42500,42500,87.5,87.5,77.5,N/A,47.5
Cl,H,H04,2011-2012,2012-2013,T,6007,5272,12.5,87.5,57.5,27.5,32.5,47.5,72.5,92.5,97.5,42500,42500,87.5,87.5,77.5,77.5,47.5
Cl,H,H04,2012-2013,2013-2014,T,6042,5508,12.5,87.5,52.5,27.5,N/A,N/A,N/A,N/A,N/A,42500,42500,87.5,87.5,77.5,77.5,42.5
Cl,A,A09,2010-2011,2011-2012,T,6333,5585,22.5,77.5,47.5,27.5,37.5,52.5,67.5,87.5,97.5,27500,32500,82.5,27.5,77.5,N/A,12.5
Cl,B,B06,2013-2014,2014-2015,T,6543,6230,22.5,77.5,62.5,12.5,N/A,N/A,N/A,N/A,N/A,32500,37500,77.5,72.5,72.5,57.5,42.5
Cl,A,A09,2011-2012,2012-2013,T,6558,5825,22.5,77.5,52.5,27.5,42.5,52.5,72.5,87.5,97.5,27500,27500,87.5,22.5,77.5,42.5,7.5
Cl,H,H04,2013-2014,2014-2015,T,6610,5418,12.5,87.5,52.5,27.5,N/A,N/A,N/A,N/A,N/A,42500,42500,87.5,87.5,77.5,77.5,42.5
Cl,H,H04,2014-2015,2015-2016,T,6675,6060,12.5,87.5,52.5,27.5,37.5,47.5,72.5,87.5,97.5,42500,42500,87.5,82.5,77.5,77.5,42.5
Cl,A,A09,2012-2013,2013-2014,T,7066,6366,22.5,77.5,47.5,22.5,N/A,N/A,N/A,N/A,N/A,27500,32500,82.5,27.5,77.5,42.5,12.5
Cl,A,A09,2013-2014,2014-2015,T,7902,6013,22.5,77.5,52.5,22.5,N/A,N/A,N/A,N/A,N/A,27500,32500,82.5,32.5,77.5,42.5,17.5
Cl,A,A09,2014-2015,2015-2016,T,8011,5792,27.5,72.5,47.5,17.5,42.5,52.5,72.5,87.5,97.5,27500,32500,82.5,27.5,77.5,47.5,12.5
Cl,A,A07,2013-2014,2014-2015,T,N/A,N/A,N/A,N/A,N/A,N/A,N/A,N/A,N/A,N/A,N/A,N/A,N/A,N/A,N/A,N/A,62.5,N/A
Cl,Stud_Sat_Suppressed,Stud_Sat_Suppressed,2010-2011,2011-2012,T,N/A,3271,N/A,N/A,N/A,N/A,N/A,N/A,N/A,N/A,N/A,N/A,N/A,N/A,N/A,72.5,N/A,N/A
Cl,Stud_Sat_Suppressed,Stud_Sat_Suppressed,2011-2012,2012-2013,T,N/A,3325,N/A,N/A,N/A,N/A,N/A,N/A,N/A,N/A,N/A,N/A,N/A,N/A,N/A,77.5,N/A,N/A
Cl,Stud_Sat_Suppressed,Stud_Sat_Suppressed,2012-2013,2013-2014,T,N/A,3756,N/A,N/A,N/A,N/A,N/A,N/A,N/A,N/A,N/A,N/A,N/A,N/A,N/A,72.5,N/A,N/A
Cl,Stud_Sat_Suppressed,Stud_Sat_Suppressed,2013-2014,2014-2015,T,N/A,3613,N/A,N/A,N/A,N/A,N/A,N/A,N/A,N/A,N/A,N/A,N/A,N/A,N/A,77.5,N/A,N/A
Cl,Stud_Sat_Suppressed,Stud_Sat_Suppressed,2014-2015,2015-2016,T,N/A,2953,N/A,N/A,N/A,N/A,N/A,N/A,N/A,N/A,N/A,N/A,N/A,N/A,N/A,77.5,N/A,N/A
